id,keywords,query,num_altered,altered_ids
3fdfe506da22acaa,"[""['fish']""]","A fish",3,"['3fdfe506da22acaa_m0ch_cf_00434cf6_OpenImages_StableDiffusion_XL', '3fdfe506da22acaa_m0ch_cf_f626de23_OpenImages_StableDiffusion_v5', '3fdfe506da22acaa_m0ch_cf_484255f6_OpenImages_StableDiffusion_XL']"
f509159922bd5baa,"[""['bottle']""]","A bottle",3,"['f509159922bd5baa_m04dr76w_c5a9a2d9_OpenImages_OpenJourney', 'f509159922bd5baa_m04dr76w_c5a9a2d9_OpenImages_Kandinsky_2_2', 'f509159922bd5baa_m04dr76w_5f100e1e_OpenImages_Kandinsky_2_2']"
86401ad43b4f7652,"[""['horse', 'bull']""]","A horse",4,"['86401ad43b4f7652_m0cnyhnx_ca4b7e93_OpenImages_OpenJourney', '86401ad43b4f7652_m0cnyhnx_ca4b7e93_OpenImages_Kandinsky_2_2', '86401ad43b4f7652_m0cnyhnx_ca4b7e93_OpenImages_StableDiffusion_v4', '86401ad43b4f7652_m03k3r_03b30a42_OpenImages_StableDiffusion_v5']"
91326dc604d416d7,"[""['cowboy hat']""]","A cowboy hat",6,"['91326dc604d416d7_m025rp___512185c4_OpenImages_StableDiffusion_v5', '91326dc604d416d7_m025rp___09b2ec4b_OpenImages_StableDiffusion_XL', '91326dc604d416d7_m025rp___4b2e5b21_OpenImages_StableDiffusion_XL', '91326dc604d416d7_m025rp___7d611efd_OpenImages_StableDiffusion_XL', '91326dc604d416d7_m025rp___1089e465_OpenImages_OpenJourney', '91326dc604d416d7_m025rp___1089e465_OpenImages_StableDiffusion_v4']"
b2916bddaa2d55eb,"[""['cookie']""]","A cooky",12,"['b2916bddaa2d55eb_m021mn_89c7afa6_OpenImages_StableDiffusion_v5', 'b2916bddaa2d55eb_m021mn_01c63ee5_OpenImages_StableDiffusion_XL', 'b2916bddaa2d55eb_m021mn_7a072844_OpenImages_Kandinsky_2_2', 'b2916bddaa2d55eb_m021mn_3c1f8fca_OpenImages_OpenJourney', 'b2916bddaa2d55eb_m021mn_c915f16e_OpenImages_StableDiffusion_v4', 'b2916bddaa2d55eb_m021mn_4150ba26_OpenImages_StableDiffusion_XL', 'b2916bddaa2d55eb_m021mn_f459da98_OpenImages_StableDiffusion_v5', 'b2916bddaa2d55eb_m021mn_c915f16e_OpenImages_OpenJourney', 'b2916bddaa2d55eb_m021mn_4150ba26_OpenImages_OpenJourney', 'b2916bddaa2d55eb_m021mn_4150ba26_OpenImages_OpenJourney', 'b2916bddaa2d55eb_m021mn_b5766c02_OpenImages_StableDiffusion_v5', 'b2916bddaa2d55eb_m021mn_f459da98_OpenImages_Kandinsky_2_2']"
c861036dc15f8bca,"[""['zucchini']""]","A zucchini",4,"['c861036dc15f8bca_m027pcv_3dde2a0c_OpenImages_StableDiffusion_v5', 'c861036dc15f8bca_m027pcv_f78eb5a0_OpenImages_StableDiffusion_v4', 'c861036dc15f8bca_m027pcv_3dde2a0c_OpenImages_StableDiffusion_XL', 'c861036dc15f8bca_m027pcv_7bb9332c_OpenImages_StableDiffusion_v5']"
001a695ad732152b,"[""['sun hat']""]","A sun hat",3,"['001a695ad732152b_m02wbtzl_9b6e60b8_OpenImages_StableDiffusion_v4', '001a695ad732152b_m02wbtzl_9b6e60b8_OpenImages_StableDiffusion_v4', '001a695ad732152b_m02wbtzl_9b6e60b8_OpenImages_OpenJourney']"
fd280d46f9488014,"[""['dress']""]","A dress",3,"['fd280d46f9488014_m01d40f_41bb8e2e_OpenImages_OpenJourney', 'fd280d46f9488014_m01d40f_41bb8e2e_OpenImages_StableDiffusion_XL', 'fd280d46f9488014_m01d40f_98ec7f76_OpenImages_StableDiffusion_XL']"
f820c39c5300de83,"[""['shorts', 'volleyball (ball)', 'woman']""]","A woman wearing shorts playing volleyball",4,"['f820c39c5300de83_m03bt1vf_aaed1c4e_OpenImages_StableDiffusion_v5', 'f820c39c5300de83_m01bfm9_644e6684_OpenImages_Kandinsky_2_2', 'f820c39c5300de83_m01bfm9_56103eb9_OpenImages_OpenJourney', 'f820c39c5300de83_m01bfm9_644e6684_OpenImages_Kandinsky_2_2']"
2ab74cc6cebb34d4,"[""['giraffe']""]","A giraffe",3,"['2ab74cc6cebb34d4_m03bk1_a6a7b405_OpenImages_StableDiffusion_v4', '2ab74cc6cebb34d4_m03bk1_a6a7b405_OpenImages_Kandinsky_2_2', '2ab74cc6cebb34d4_m03bk1_a6a7b405_OpenImages_StableDiffusion_v5']"
9c226d0fe33db772,"[""['rose']""]","A rose",4,"['9c226d0fe33db772_m06m11_bf150c2d_OpenImages_OpenJourney', '9c226d0fe33db772_m06m11_fb517060_OpenImages_StableDiffusion_v5', '9c226d0fe33db772_m06m11_bf150c2d_OpenImages_StableDiffusion_v5', '9c226d0fe33db772_m06m11_bf150c2d_OpenImages_StableDiffusion_v4']"
39cb2cc53e4b218d,"[""['tart']""]","A tart",3,"['39cb2cc53e4b218d_m02zvsm_bb92b9fb_OpenImages_StableDiffusion_v4', '39cb2cc53e4b218d_m02zvsm_bb92b9fb_OpenImages_StableDiffusion_v4', '39cb2cc53e4b218d_m02zvsm_bb92b9fb_OpenImages_StableDiffusion_XL']"
d5e7c31e225379d9,"[""['burrito']""]","A burrito",3,"['d5e7c31e225379d9_m01j3zr_e55ecfc4_OpenImages_StableDiffusion_XL', 'd5e7c31e225379d9_m01j3zr_9287fafd_OpenImages_Kandinsky_2_2', 'd5e7c31e225379d9_m01j3zr_769bfbcd_OpenImages_Kandinsky_2_2']"
5fdedcd2143479b3,"[""['saucer', 'coffee cup', 'bread']""]","Bread and a coffee cup on a saucer",4,"['5fdedcd2143479b3_m02p5f1q_b6d40b99_OpenImages_StableDiffusion_v4', '5fdedcd2143479b3_m03q5c7_1b9393dd_OpenImages_StableDiffusion_XL', '5fdedcd2143479b3_m02p5f1q_b6d40b99_OpenImages_StableDiffusion_v4', '5fdedcd2143479b3_m03q5c7_963c0ff3_OpenImages_StableDiffusion_v4']"
5f2c6ffc9d36ed35,"[""['hamburger', 'bread']""]","A hamburger on bread",8,"['5f2c6ffc9d36ed35_m09728_59f3b122_OpenImages_OpenJourney', '5f2c6ffc9d36ed35_m0cdn1_cb8760ab_OpenImages_StableDiffusion_v4', '5f2c6ffc9d36ed35_m0cdn1_0819a50f_OpenImages_StableDiffusion_XL', '5f2c6ffc9d36ed35_m09728_b53f3724_OpenImages_StableDiffusion_v4', '5f2c6ffc9d36ed35_m09728_c428c1a0_OpenImages_Kandinsky_2_2', '5f2c6ffc9d36ed35_m09728_23623368_OpenImages_StableDiffusion_XL', '5f2c6ffc9d36ed35_m0cdn1_cb8760ab_OpenImages_StableDiffusion_XL', '5f2c6ffc9d36ed35_m09728_8edbae46_OpenImages_StableDiffusion_v5']"
e3ca083901d78d37,"[""['sheep', 'goat']""]","A sheep and a goat",5,"['e3ca083901d78d37_m03fwl_e729982c_OpenImages_StableDiffusion_XL', 'e3ca083901d78d37_m03fwl_e729982c_OpenImages_Kandinsky_2_2', 'e3ca083901d78d37_m03fwl_e729982c_OpenImages_StableDiffusion_v4', 'e3ca083901d78d37_m03fwl_c77a8e73_OpenImages_StableDiffusion_v5', 'e3ca083901d78d37_m07bgp_fc553acc_OpenImages_StableDiffusion_v4']"
74b714ee6721e879,"[""['luggage and bags', 'girl']""]","A girl and luggage and bags",14,"['74b714ee6721e879_m0hf58v5_c3daf51e_OpenImages_StableDiffusion_v5', '74b714ee6721e879_m0hf58v5_1c57b3c7_OpenImages_OpenJourney', '74b714ee6721e879_m0hf58v5_afef6879_OpenImages_OpenJourney', '74b714ee6721e879_m0hf58v5_5e605181_OpenImages_StableDiffusion_XL', '74b714ee6721e879_m0hf58v5_1fed12e0_OpenImages_StableDiffusion_v4', '74b714ee6721e879_m0hf58v5_afef6879_OpenImages_OpenJourney', '74b714ee6721e879_m0hf58v5_1ea14f78_OpenImages_StableDiffusion_v4', '74b714ee6721e879_m0hf58v5_5e605181_OpenImages_OpenJourney', '74b714ee6721e879_m0hf58v5_5e605181_OpenImages_Kandinsky_2_2', '74b714ee6721e879_m0hf58v5_f6f92558_OpenImages_StableDiffusion_XL', '74b714ee6721e879_m0hf58v5_76b2130c_OpenImages_StableDiffusion_v4', '74b714ee6721e879_m05r655_273e4c7c_OpenImages_StableDiffusion_v4', '74b714ee6721e879_m0hf58v5_afef6879_OpenImages_StableDiffusion_XL', '74b714ee6721e879_m0hf58v5_afef6879_OpenImages_Kandinsky_2_2']"
74563583796dcea3,"[""['monkey']""]","A monkey",3,"['74563583796dcea3_m08pbxl_b579067d_OpenImages_StableDiffusion_v4', '74563583796dcea3_m08pbxl_b579067d_OpenImages_StableDiffusion_v4', '74563583796dcea3_m08pbxl_b579067d_OpenImages_StableDiffusion_v5']"
7836e79ccd8a924a,"[""['human body', 'horse', 'bull']""]","A human body a horse and a bull",3,"['7836e79ccd8a924a_m02p0tk3_d1c86e37_OpenImages_StableDiffusion_XL', '7836e79ccd8a924a_m02p0tk3_d1c86e37_OpenImages_StableDiffusion_XL', '7836e79ccd8a924a_m02p0tk3_d1c86e37_OpenImages_Kandinsky_2_2']"
38776582a81af18f,"[""['christmas tree', 'toy']""]","A christmas tree and a toy",3,"['38776582a81af18f_m0138tl_c7c6ad6a_OpenImages_StableDiffusion_XL', '38776582a81af18f_m025nd_4cb0b1e7_OpenImages_OpenJourney', '38776582a81af18f_m025nd_4cb0b1e7_OpenImages_Kandinsky_2_2']"
94e41c296bd7ffb3,"[""['missile', 'rocket']""]","A missile rocket",4,"['94e41c296bd7ffb3_m09rvcxw_d6d5aff7_OpenImages_StableDiffusion_v4', '94e41c296bd7ffb3_m04ylt_e453696b_OpenImages_OpenJourney', '94e41c296bd7ffb3_m04ylt_4b0e1e3a_OpenImages_Kandinsky_2_2', '94e41c296bd7ffb3_m09rvcxw_611a2714_OpenImages_StableDiffusion_v5']"
39988dc3a63d8751,"[""['pillow', 'chest of drawers']""]","A pillow and a chest of drawers",3,"['39988dc3a63d8751_m05kyg__bc0870bb_OpenImages_OpenJourney', '39988dc3a63d8751_m05kyg__bc0870bb_OpenImages_StableDiffusion_v4', '39988dc3a63d8751_m05kyg__bc0870bb_OpenImages_StableDiffusion_v5']"
f49b39356ee510f4,"[""['rhinoceros']""]","A rhinoceros",3,"['f49b39356ee510f4_m03d443_2c667277_OpenImages_StableDiffusion_XL', 'f49b39356ee510f4_m03d443_2c667277_OpenImages_StableDiffusion_v5', 'f49b39356ee510f4_m03d443_2c667277_OpenImages_OpenJourney']"
1fe7a99c23f64885,"[""['cattle', 'goat']""]","A goat and cattle",3,"['1fe7a99c23f64885_m03fwl_5cf9caaa_OpenImages_StableDiffusion_v4', '1fe7a99c23f64885_m03fwl_5cf9caaa_OpenImages_Kandinsky_2_2', '1fe7a99c23f64885_m03fwl_5cf9caaa_OpenImages_OpenJourney']"
2646412c48fa2d2f,"[""['croissant']""]","A croissant",4,"['2646412c48fa2d2f_m015wgc_d0623c87_OpenImages_StableDiffusion_v5', '2646412c48fa2d2f_m015wgc_3fdf6526_OpenImages_StableDiffusion_XL', '2646412c48fa2d2f_m015wgc_8989b74b_OpenImages_StableDiffusion_v5', '2646412c48fa2d2f_m015wgc_9272c13d_OpenImages_StableDiffusion_v5']"
97bd4d44d3eba27d,"[""['man', 'bicycle wheel']""]","A man with a bicycle wheel",9,"['97bd4d44d3eba27d_m01bqk0_d7c1edac_OpenImages_Kandinsky_2_2', '97bd4d44d3eba27d_m01bqk0_d6fd7d47_OpenImages_StableDiffusion_XL', '97bd4d44d3eba27d_m01bqk0_e7019351_OpenImages_StableDiffusion_v4', '97bd4d44d3eba27d_m01bqk0_d6fd7d47_OpenImages_StableDiffusion_v5', '97bd4d44d3eba27d_m01bqk0_d346951f_OpenImages_StableDiffusion_v5', '97bd4d44d3eba27d_m01bqk0_4bebeba5_OpenImages_StableDiffusion_XL', '97bd4d44d3eba27d_m01bqk0_d346951f_OpenImages_StableDiffusion_XL', '97bd4d44d3eba27d_m01bqk0_d7c1edac_OpenImages_StableDiffusion_XL', '97bd4d44d3eba27d_m01bqk0_d346951f_OpenImages_StableDiffusion_v4']"
bcb52a962e3bed87,"[""['tea', 'coffee (drink)', 'coffee cup', 'mug']""]","A mug of tea and a coffee cup",4,"['bcb52a962e3bed87_m02vqfm_a96e4bc9_OpenImages_StableDiffusion_v5', 'bcb52a962e3bed87_m07clx_38883a42_OpenImages_StableDiffusion_v4', 'bcb52a962e3bed87_m02jvh9_5e2a7798_OpenImages_StableDiffusion_v5', 'bcb52a962e3bed87_m02p5f1q_6bc13052_OpenImages_StableDiffusion_v4']"
ddb2047a165799b4,"[""['cocktail', 'juice']""]","A cocktail and some juice",7,"['ddb2047a165799b4_m01z1kdw_464fcb49_OpenImages_Kandinsky_2_2', 'ddb2047a165799b4_m01z1kdw_3f98c0b1_OpenImages_StableDiffusion_XL', 'ddb2047a165799b4_m024g6_d284a514_OpenImages_Kandinsky_2_2', 'ddb2047a165799b4_m024g6_6a6e67c7_OpenImages_StableDiffusion_XL', 'ddb2047a165799b4_m024g6_d284a514_OpenImages_StableDiffusion_XL', 'ddb2047a165799b4_m024g6_d284a514_OpenImages_StableDiffusion_v4', 'ddb2047a165799b4_m01z1kdw_9228397f_OpenImages_StableDiffusion_v4']"
409fb6aa7a58f7fc,"[""['aircraft']""]","An aircraft",4,"['409fb6aa7a58f7fc_m0k5j_411c0b20_OpenImages_OpenJourney', '409fb6aa7a58f7fc_m0k5j_812f4721_OpenImages_Kandinsky_2_2', '409fb6aa7a58f7fc_m0k5j_812f4721_OpenImages_OpenJourney', '409fb6aa7a58f7fc_m0k5j_411c0b20_OpenImages_StableDiffusion_v4']"
279ca908e642fd7a,"[""['boy', 'human mouth']""]","A boy and a human mouth",3,"['279ca908e642fd7a_m01bl7v_2baaa389_OpenImages_StableDiffusion_v5', '279ca908e642fd7a_m0283dt1_a38102e3_OpenImages_StableDiffusion_v5', '279ca908e642fd7a_m0283dt1_a38102e3_OpenImages_OpenJourney']"
3d37a6b6be146c12,"[""['goat']""]","A goat",6,"['3d37a6b6be146c12_m03fwl_9798d876_OpenImages_StableDiffusion_XL', '3d37a6b6be146c12_m03fwl_29b9b44c_OpenImages_Kandinsky_2_2', '3d37a6b6be146c12_m03fwl_c2936328_OpenImages_Kandinsky_2_2', '3d37a6b6be146c12_m03fwl_a0fbb0f8_OpenImages_OpenJourney', '3d37a6b6be146c12_m03fwl_55e995fb_OpenImages_StableDiffusion_v4', '3d37a6b6be146c12_m03fwl_4140911e_OpenImages_StableDiffusion_v5']"
00812a688e387d43,"[""['shorts']""]","Some shorts",3,"['00812a688e387d43_m01bfm9_d7781747_OpenImages_StableDiffusion_v4', '00812a688e387d43_m01bfm9_d7781747_OpenImages_OpenJourney', '00812a688e387d43_m01bfm9_d7781747_OpenImages_StableDiffusion_v4']"
26912ba548456bd8,"[""['skyscraper']""]","A skyscraper",3,"['26912ba548456bd8_m079cl_fa14470b_OpenImages_StableDiffusion_v4', '26912ba548456bd8_m079cl_fa14470b_OpenImages_StableDiffusion_XL', '26912ba548456bd8_m079cl_fa14470b_OpenImages_StableDiffusion_v4']"
c3eed75afb2a6e35,"[""['spoon', 'coffee (drink)', 'saucer', 'coffee cup', 'tea']""]","A coffee cup on a saucer with a spoon",4,"['c3eed75afb2a6e35_m07clx_d6fb66fc_OpenImages_StableDiffusion_XL', 'c3eed75afb2a6e35_m02vqfm_e6d677ff_OpenImages_StableDiffusion_v5', 'c3eed75afb2a6e35_m03q5c7_1fb56a5b_OpenImages_StableDiffusion_v4', 'c3eed75afb2a6e35_m02p5f1q_db2068cf_OpenImages_StableDiffusion_XL']"
c6d4685fc6df6d16,"[""['tomato']""]","A tomato",3,"['c6d4685fc6df6d16_m07j87_3756aa05_OpenImages_StableDiffusion_XL', 'c6d4685fc6df6d16_m07j87_e0dab977_OpenImages_Kandinsky_2_2', 'c6d4685fc6df6d16_m07j87_a699a844_OpenImages_StableDiffusion_v5']"
ceec94afe83824f8,"[""['bread']""]","Some bread",3,"['ceec94afe83824f8_m09728_0fff56df_OpenImages_StableDiffusion_XL', 'ceec94afe83824f8_m09728_0fff56df_OpenImages_Kandinsky_2_2', 'ceec94afe83824f8_m09728_805386e9_OpenImages_OpenJourney']"
6d1bfe7adfaf407d,"[""['hamburger', 'cheese']""]","A hamburger with cheese",4,"['6d1bfe7adfaf407d_m01nkt_9b7e162d_OpenImages_StableDiffusion_XL', '6d1bfe7adfaf407d_m01nkt_7df09d42_OpenImages_Kandinsky_2_2', '6d1bfe7adfaf407d_m0cdn1_5859eb46_OpenImages_Kandinsky_2_2', '6d1bfe7adfaf407d_m01nkt_7df09d42_OpenImages_OpenJourney']"
ffa70a65bc910ea4,"[""['studio couch', 'couch']""]","A studio couch",3,"['ffa70a65bc910ea4_m026qbn5_4aa96570_OpenImages_OpenJourney', 'ffa70a65bc910ea4_m02crq1_60c36773_OpenImages_Kandinsky_2_2', 'ffa70a65bc910ea4_m02crq1_60c36773_OpenImages_OpenJourney']"
f9cf7cec793a2988,"[""['coffee (drink)', 'coffee cup', 'mug', 'sandwich']""]","A coffee cup a mug and a sandwich",3,"['f9cf7cec793a2988_m0l515_80b648a7_OpenImages_OpenJourney', 'f9cf7cec793a2988_m0l515_80b648a7_OpenImages_Kandinsky_2_2', 'f9cf7cec793a2988_m02jvh9_1da3b372_OpenImages_StableDiffusion_v5']"
e1ddd4103569fbab,"[""['harbor seal', 'sea lion', 'carnivore']""]","A harbor seal a sea lion and a carnivore",3,"['e1ddd4103569fbab_m02l8p9_df248772_OpenImages_StableDiffusion_v5', 'e1ddd4103569fbab_m0gd36_640da9fb_OpenImages_StableDiffusion_XL', 'e1ddd4103569fbab_m02l8p9_df248772_OpenImages_StableDiffusion_XL']"
fb43156f7d0a6b94,"[""['platter', 'oyster']""]","A platter of oysters",11,"['fb43156f7d0a6b94_m099ssp_138f28e6_OpenImages_OpenJourney', 'fb43156f7d0a6b94_m0_cp5_db7865ec_OpenImages_Kandinsky_2_2', 'fb43156f7d0a6b94_m0_cp5_1ef7033e_OpenImages_StableDiffusion_v4', 'fb43156f7d0a6b94_m0_cp5_cd842f8a_OpenImages_StableDiffusion_XL', 'fb43156f7d0a6b94_m0_cp5_93239736_OpenImages_StableDiffusion_v5', 'fb43156f7d0a6b94_m0_cp5_1ef7033e_OpenImages_StableDiffusion_XL', 'fb43156f7d0a6b94_m0_cp5_1fcebcbc_OpenImages_StableDiffusion_XL', 'fb43156f7d0a6b94_m0_cp5_a4252e6a_OpenImages_StableDiffusion_XL', 'fb43156f7d0a6b94_m0_cp5_db7865ec_OpenImages_OpenJourney', 'fb43156f7d0a6b94_m0_cp5_04b1990b_OpenImages_Kandinsky_2_2', 'fb43156f7d0a6b94_m0_cp5_e4221ff4_OpenImages_OpenJourney']"
54ba1ec0d85d45b1,"[""['vase', 'rose']""]","A vase of roses",3,"['54ba1ec0d85d45b1_m06m11_ba60c1e5_OpenImages_OpenJourney', '54ba1ec0d85d45b1_m06m11_b51e5de6_OpenImages_StableDiffusion_XL', '54ba1ec0d85d45b1_m02s195_33517d4e_OpenImages_StableDiffusion_XL']"
5a26ee6c6175ae97,"[""['oyster']""]","An oyster",3,"['5a26ee6c6175ae97_m0_cp5_f7940825_OpenImages_Kandinsky_2_2', '5a26ee6c6175ae97_m0_cp5_f7940825_OpenImages_Kandinsky_2_2', '5a26ee6c6175ae97_m0_cp5_29f7401b_OpenImages_Kandinsky_2_2']"
4e1a92be80a8d7f6,"[""['boot']""]","A boot",3,"['4e1a92be80a8d7f6_m01b638_fc2fb0dd_OpenImages_StableDiffusion_v5', '4e1a92be80a8d7f6_m01b638_3bdb606a_OpenImages_StableDiffusion_v5', '4e1a92be80a8d7f6_m01b638_2199e0dd_OpenImages_StableDiffusion_v5']"
63cb39d5401e1a6e,"[""['woman', 'swimwear']""]","A woman wearing swimwear",4,"['63cb39d5401e1a6e_m01gkx__1902402b_OpenImages_OpenJourney', '63cb39d5401e1a6e_m01gkx__6a12c50c_OpenImages_StableDiffusion_XL', '63cb39d5401e1a6e_m01gkx__6a12c50c_OpenImages_OpenJourney', '63cb39d5401e1a6e_m01gkx__3a7d46b6_OpenImages_Kandinsky_2_2']"
28d5b8a619808f60,"[""['flower']""]","A flower",4,"['28d5b8a619808f60_m0c9ph5_8af3740d_OpenImages_OpenJourney', '28d5b8a619808f60_m0c9ph5_8af3740d_OpenImages_Kandinsky_2_2', '28d5b8a619808f60_m0c9ph5_8af3740d_OpenImages_StableDiffusion_v5', '28d5b8a619808f60_m0c9ph5_8af3740d_OpenImages_StableDiffusion_XL']"
abed8a82f3e24f22,"[""['coffee (drink)', 'saucer', 'drink', 'coffee cup', 'tea']""]","A coffee cup and a tea cup on a saucer",8,"['abed8a82f3e24f22_m02vqfm_9ce310e4_OpenImages_StableDiffusion_XL', 'abed8a82f3e24f22_m03q5c7_7f872a60_OpenImages_Kandinsky_2_2', 'abed8a82f3e24f22_m07clx_8500f8f1_OpenImages_StableDiffusion_v4', 'abed8a82f3e24f22_m07clx_8500f8f1_OpenImages_StableDiffusion_XL', 'abed8a82f3e24f22_m02p5f1q_b3118def_OpenImages_Kandinsky_2_2', 'abed8a82f3e24f22_m03q5c7_1779a73d_OpenImages_OpenJourney', 'abed8a82f3e24f22_m0271t_c8983f8c_OpenImages_StableDiffusion_XL', 'abed8a82f3e24f22_m02p5f1q_b3118def_OpenImages_OpenJourney']"
5855782749c3ed0b,"[""['billiard table', 'ball (object)']""]","A ball on a billiard table",4,"['5855782749c3ed0b_m018xm_3e5cb88f_OpenImages_Kandinsky_2_2', '5855782749c3ed0b_m018xm_2ba4bd8e_OpenImages_StableDiffusion_v5', '5855782749c3ed0b_m018xm_67e108f0_OpenImages_StableDiffusion_v5', '5855782749c3ed0b_m018xm_11bd6540_OpenImages_StableDiffusion_XL']"
fa18e35a0def0b4f,"[""['orange (fruit)']""]","An orange",4,"['fa18e35a0def0b4f_m0cyhj__0213c64f_OpenImages_Kandinsky_2_2', 'fa18e35a0def0b4f_m0cyhj__22eeb0f0_OpenImages_StableDiffusion_XL', 'fa18e35a0def0b4f_m0cyhj__fa0bf32e_OpenImages_OpenJourney', 'fa18e35a0def0b4f_m0cyhj__22eeb0f0_OpenImages_StableDiffusion_v5']"
a29e85514998dff0,"[""['bowl', 'orange (fruit)', 'grapefruit', 'apple']""]","A bowl of oranges grapefruit and apple",8,"['a29e85514998dff0_m0cyhj__992ae04b_OpenImages_StableDiffusion_XL', 'a29e85514998dff0_m0cyhj__359415f2_OpenImages_OpenJourney', 'a29e85514998dff0_m04kkgm_1e2b0a67_OpenImages_Kandinsky_2_2', 'a29e85514998dff0_m0hqkz_61ba6c74_OpenImages_StableDiffusion_v5', 'a29e85514998dff0_m0hqkz_a1565d6a_OpenImages_StableDiffusion_v5', 'a29e85514998dff0_m0cyhj__992ae04b_OpenImages_StableDiffusion_v5', 'a29e85514998dff0_m0hqkz_61ba6c74_OpenImages_OpenJourney', 'a29e85514998dff0_m014j1m_e42f14d4_OpenImages_Kandinsky_2_2']"
0ab25a872a3a628f,"[""['spoon']""]","A spoon",3,"['0ab25a872a3a628f_m0cmx8_4f111b11_OpenImages_StableDiffusion_v4', '0ab25a872a3a628f_m0cmx8_af6764aa_OpenImages_Kandinsky_2_2', '0ab25a872a3a628f_m0cmx8_af6764aa_OpenImages_StableDiffusion_XL']"
a0620646a2b9d6e7,"[""['cocktail', 'juice', 'lemon (plant)']""]","A cocktail with juice and a lemon",4,"['a0620646a2b9d6e7_m024g6_be7de5be_OpenImages_StableDiffusion_v5', 'a0620646a2b9d6e7_m09k_b_c81ea6ff_OpenImages_StableDiffusion_v5', 'a0620646a2b9d6e7_m024g6_be7de5be_OpenImages_OpenJourney', 'a0620646a2b9d6e7_m024g6_be7de5be_OpenImages_StableDiffusion_XL']"
b99df92d7b79dec8,"[""['spoon', 'coffee cup', 'drink']""]","A spoon in a coffee cup",3,"['b99df92d7b79dec8_m02p5f1q_a44cfa58_OpenImages_StableDiffusion_v5', 'b99df92d7b79dec8_m02p5f1q_da5dddc7_OpenImages_OpenJourney', 'b99df92d7b79dec8_m0cmx8_a2576d67_OpenImages_Kandinsky_2_2']"
a83f96e6a35124c7,"[""['fish', 'whale', 'dolphin']""]","A fish or whale or dolphin",3,"['a83f96e6a35124c7_m084zz_ee42acf3_OpenImages_StableDiffusion_v4', 'a83f96e6a35124c7_m084zz_6016eb19_OpenImages_StableDiffusion_v5', 'a83f96e6a35124c7_m0ch_cf_4c8e2472_OpenImages_StableDiffusion_XL']"
14a839093eaba2d3,"[""['roller skates']""]","Roller skates",3,"['14a839093eaba2d3_m02p3w7d_a3d9a64d_OpenImages_OpenJourney', '14a839093eaba2d3_m02p3w7d_a3d9a64d_OpenImages_StableDiffusion_XL', '14a839093eaba2d3_m02p3w7d_75aa45ce_OpenImages_StableDiffusion_v5']"
e1065d5f5dbeac8b,"[""['mobile phone']""]","A mobile phone",3,"['e1065d5f5dbeac8b_m050k8_ea724a27_OpenImages_StableDiffusion_XL', 'e1065d5f5dbeac8b_m050k8_ea724a27_OpenImages_StableDiffusion_XL', 'e1065d5f5dbeac8b_m050k8_ea724a27_OpenImages_OpenJourney']"
150b0a3dce58854d,"[""['cheese', 'tomato', 'pizza']""]","A pizza with cheese and tomato",3,"['150b0a3dce58854d_m01nkt_62a50f87_OpenImages_Kandinsky_2_2', '150b0a3dce58854d_m01nkt_62a50f87_OpenImages_Kandinsky_2_2', '150b0a3dce58854d_m0663v_a4227795_OpenImages_Kandinsky_2_2']"
b6436a7302c5eaa4,"[""['human body', 'girl']""]","A girl",3,"['b6436a7302c5eaa4_m02p0tk3_fd5ad728_OpenImages_OpenJourney', 'b6436a7302c5eaa4_m05r655_a10ab734_OpenImages_StableDiffusion_v5', 'b6436a7302c5eaa4_m02p0tk3_fd5ad728_OpenImages_Kandinsky_2_2']"
4f104caa8ad41cdf,"[""['pastry']""]","A pastry",9,"['4f104caa8ad41cdf_m0hnyx_95cfefe3_OpenImages_StableDiffusion_XL', '4f104caa8ad41cdf_m0hnyx_149d2b7b_OpenImages_StableDiffusion_v4', '4f104caa8ad41cdf_m0hnyx_f33b7d78_OpenImages_StableDiffusion_v4', '4f104caa8ad41cdf_m0hnyx_aedced21_OpenImages_StableDiffusion_v4', '4f104caa8ad41cdf_m0hnyx_d6448676_OpenImages_StableDiffusion_v5', '4f104caa8ad41cdf_m0hnyx_4a2dd33c_OpenImages_OpenJourney', '4f104caa8ad41cdf_m0hnyx_07c41d57_OpenImages_OpenJourney', '4f104caa8ad41cdf_m0hnyx_149d2b7b_OpenImages_StableDiffusion_v5', '4f104caa8ad41cdf_m0hnyx_130e3145_OpenImages_StableDiffusion_v4']"
bbfe88937357fd71,"[""['tart', 'tomato', 'cheese', 'bread']""]","A tart and bread with tomato and cheese",6,"['bbfe88937357fd71_m02zvsm_035c220f_OpenImages_StableDiffusion_v5', 'bbfe88937357fd71_m02zvsm_890be05e_OpenImages_StableDiffusion_v4', 'bbfe88937357fd71_m01nkt_76d972d4_OpenImages_OpenJourney', 'bbfe88937357fd71_m09728_ec02070c_OpenImages_OpenJourney', 'bbfe88937357fd71_m02zvsm_3f59aed6_OpenImages_StableDiffusion_v4', 'bbfe88937357fd71_m09728_ec02070c_OpenImages_Kandinsky_2_2']"
43200d1e5c86e555,"[""['bell pepper']""]","A bell pepper",8,"['43200d1e5c86e555_m0jg57_e046de35_OpenImages_StableDiffusion_v5', '43200d1e5c86e555_m0jg57_a275b772_OpenImages_OpenJourney', '43200d1e5c86e555_m0jg57_e046de35_OpenImages_StableDiffusion_v4', '43200d1e5c86e555_m0jg57_7a29d137_OpenImages_Kandinsky_2_2', '43200d1e5c86e555_m0jg57_442b2b39_OpenImages_StableDiffusion_v5', '43200d1e5c86e555_m0jg57_63b6588b_OpenImages_StableDiffusion_v4', '43200d1e5c86e555_m0jg57_a275b772_OpenImages_StableDiffusion_v5', '43200d1e5c86e555_m0jg57_7a29d137_OpenImages_OpenJourney']"
580b2fe0333192e0,"[""['coffee (drink)', 'coffee cup']""]","A cup of coffee",3,"['580b2fe0333192e0_m02vqfm_32b94d0d_OpenImages_OpenJourney', '580b2fe0333192e0_m02p5f1q_81b4c802_OpenImages_StableDiffusion_v4', '580b2fe0333192e0_m02p5f1q_81b4c802_OpenImages_StableDiffusion_v5']"
16af0e13b34bbe4d,"[""['banana']""]","A banana",7,"['16af0e13b34bbe4d_m09qck_408e71c3_OpenImages_StableDiffusion_v5', '16af0e13b34bbe4d_m09qck_87ec5d99_OpenImages_StableDiffusion_v5', '16af0e13b34bbe4d_m09qck_7534fa70_OpenImages_OpenJourney', '16af0e13b34bbe4d_m09qck_fcf1d5b3_OpenImages_OpenJourney', '16af0e13b34bbe4d_m09qck_408e71c3_OpenImages_OpenJourney', '16af0e13b34bbe4d_m09qck_9097e755_OpenImages_OpenJourney', '16af0e13b34bbe4d_m09qck_1d005556_OpenImages_OpenJourney']"
701d9f182fd8b979,"[""['coffee cup', 'bowl', 'mixing bowl']""]","A mixing bowl and a coffee cup",4,"['701d9f182fd8b979_m03hj559_cbd04d7e_OpenImages_StableDiffusion_v5', '701d9f182fd8b979_m03hj559_cbd04d7e_OpenImages_StableDiffusion_XL', '701d9f182fd8b979_m03hj559_cbd04d7e_OpenImages_Kandinsky_2_2', '701d9f182fd8b979_m02p5f1q_9e17ec66_OpenImages_Kandinsky_2_2']"
08e0a62e92643799,"[""['toy']""]","A toy",3,"['08e0a62e92643799_m0138tl_26a3f880_OpenImages_StableDiffusion_v5', '08e0a62e92643799_m0138tl_26a3f880_OpenImages_StableDiffusion_v4', '08e0a62e92643799_m0138tl_26a3f880_OpenImages_Kandinsky_2_2']"
6a951ffda4eb0a0b,"[""['leopard', 'cheetah', 'jaguar (animal)']""]","A leopard or a cheeta or a jaguar",6,"['6a951ffda4eb0a0b_m0c29q_3b6d8e40_OpenImages_Kandinsky_2_2', '6a951ffda4eb0a0b_m0cd4d_32e0bc8e_OpenImages_StableDiffusion_v5', '6a951ffda4eb0a0b_m0c29q_aaa1beaf_OpenImages_Kandinsky_2_2', '6a951ffda4eb0a0b_m0cd4d_790c6fb7_OpenImages_StableDiffusion_v4', '6a951ffda4eb0a0b_m0c29q_aaa1beaf_OpenImages_StableDiffusion_XL', '6a951ffda4eb0a0b_m0c29q_3b6d8e40_OpenImages_StableDiffusion_v5']"
05122205d3994c32,"[""['potato']""]","A potato",9,"['05122205d3994c32_m05vtc_d52573a4_OpenImages_Kandinsky_2_2', '05122205d3994c32_m05vtc_f1b9f1f2_OpenImages_Kandinsky_2_2', '05122205d3994c32_m05vtc_77413147_OpenImages_StableDiffusion_v5', '05122205d3994c32_m05vtc_198cc865_OpenImages_Kandinsky_2_2', '05122205d3994c32_m05vtc_f1b9f1f2_OpenImages_StableDiffusion_v4', '05122205d3994c32_m05vtc_198cc865_OpenImages_OpenJourney', '05122205d3994c32_m05vtc_198cc865_OpenImages_StableDiffusion_XL', '05122205d3994c32_m05vtc_198cc865_OpenImages_StableDiffusion_v5', '05122205d3994c32_m05vtc_48bb97ee_OpenImages_OpenJourney']"
229069c3eadf0cc4,"[""['coffee cup']""]","A coffee cup",3,"['229069c3eadf0cc4_m02p5f1q_704145db_OpenImages_StableDiffusion_v5', '229069c3eadf0cc4_m02p5f1q_704145db_OpenImages_StableDiffusion_XL', '229069c3eadf0cc4_m02p5f1q_704145db_OpenImages_Kandinsky_2_2']"
873d1d9c65b7b7a1,"[""['swimwear']""]","Swimwear",3,"['873d1d9c65b7b7a1_m01gkx__557269d4_OpenImages_StableDiffusion_XL', '873d1d9c65b7b7a1_m01gkx__cacf7380_OpenImages_OpenJourney', '873d1d9c65b7b7a1_m01gkx__557269d4_OpenImages_Kandinsky_2_2']"
bff3e167dd9ba4e8,"[""['muffin', 'cake']""]","A muffin cake",3,"['bff3e167dd9ba4e8_m01tcjp_e014c3e6_OpenImages_OpenJourney', 'bff3e167dd9ba4e8_m01tcjp_05ef5d51_OpenImages_StableDiffusion_v5', 'bff3e167dd9ba4e8_m01tcjp_05ef5d51_OpenImages_StableDiffusion_XL']"
9cb33c4f6356a3c5,"[""['pizza', 'cheese']""]","A cheese pizza",5,"['9cb33c4f6356a3c5_m01nkt_16ff5af2_OpenImages_Kandinsky_2_2', '9cb33c4f6356a3c5_m01nkt_06e518fc_OpenImages_Kandinsky_2_2', '9cb33c4f6356a3c5_m01nkt_e636de35_OpenImages_OpenJourney', '9cb33c4f6356a3c5_m0663v_ab017d29_OpenImages_StableDiffusion_XL', '9cb33c4f6356a3c5_m01nkt_e636de35_OpenImages_StableDiffusion_XL']"
200eaae66a594057,"[""['jeans', 'trousers']""]","Jeans or trousers",6,"['200eaae66a594057_m0fly7_a8485f64_OpenImages_Kandinsky_2_2', '200eaae66a594057_m0fly7_6a49ef32_OpenImages_Kandinsky_2_2', '200eaae66a594057_m0fly7_9c3462c1_OpenImages_OpenJourney', '200eaae66a594057_m0fly7_6a49ef32_OpenImages_StableDiffusion_v4', '200eaae66a594057_m07mhn_0ffe3648_OpenImages_StableDiffusion_v4', '200eaae66a594057_m0fly7_6a49ef32_OpenImages_StableDiffusion_XL']"
875338d0d45abc20,"[""['cocktail', 'orange (fruit)', 'juice', 'lemon (plant)']""]","A coctail with juice and an orange and lemon",6,"['875338d0d45abc20_m01z1kdw_f25f653a_OpenImages_OpenJourney', '875338d0d45abc20_m0cyhj__3bddb370_OpenImages_StableDiffusion_XL', '875338d0d45abc20_m0cyhj__3bddb370_OpenImages_OpenJourney', '875338d0d45abc20_m0cyhj__3bddb370_OpenImages_Kandinsky_2_2', '875338d0d45abc20_m09k_b_589d2492_OpenImages_StableDiffusion_v5', '875338d0d45abc20_m0cyhj__3bddb370_OpenImages_OpenJourney']"
4f7111413fecde01,"[""['high heels']""]","High heels",4,"['4f7111413fecde01_m06k2mb_8e8ae3b8_OpenImages_StableDiffusion_v5', '4f7111413fecde01_m06k2mb_8e8ae3b8_OpenImages_Kandinsky_2_2', '4f7111413fecde01_m06k2mb_8e8ae3b8_OpenImages_OpenJourney', '4f7111413fecde01_m06k2mb_8e8ae3b8_OpenImages_OpenJourney']"
408e6a6f9f0ab7f3,"[""['high heels', 'trousers', 'dress', 'belt', 'boot']""]","High heels, trousers, a dress, a belt and a boot",3,"['408e6a6f9f0ab7f3_m01b638_659383f2_OpenImages_OpenJourney', '408e6a6f9f0ab7f3_m06k2mb_648816f5_OpenImages_OpenJourney', '408e6a6f9f0ab7f3_m07mhn_05cefcfd_OpenImages_StableDiffusion_v4']"
802539e8caa1611d,"[""['car', 'vehicle registration plate']""]","A car with a vehicle registration plate",4,"['802539e8caa1611d_m01jfm__c569cf04_OpenImages_StableDiffusion_v4', '802539e8caa1611d_m01jfm__c569cf04_OpenImages_OpenJourney', '802539e8caa1611d_m0k4j_bec290b3_OpenImages_OpenJourney', '802539e8caa1611d_m0k4j_bec290b3_OpenImages_StableDiffusion_v4']"
f84355fd72ad8eb1,"[""['grape']""]","A grape",6,"['f84355fd72ad8eb1_m0388q_cc66954d_OpenImages_StableDiffusion_v5', 'f84355fd72ad8eb1_m0388q_9c6f2620_OpenImages_StableDiffusion_v5', 'f84355fd72ad8eb1_m0388q_593ba44b_OpenImages_StableDiffusion_XL', 'f84355fd72ad8eb1_m0388q_0d440df0_OpenImages_StableDiffusion_XL', 'f84355fd72ad8eb1_m0388q_9c60de57_OpenImages_StableDiffusion_v5', 'f84355fd72ad8eb1_m0388q_3e9747df_OpenImages_StableDiffusion_v5']"
d1110b5eb76d4b0e,"[""['orange (fruit)', 'grapefruit']""]","An orange and a grapefruit",4,"['d1110b5eb76d4b0e_m0cyhj__3c31b4fc_OpenImages_StableDiffusion_v5', 'd1110b5eb76d4b0e_m0hqkz_7e005d15_OpenImages_StableDiffusion_XL', 'd1110b5eb76d4b0e_m0hqkz_94416ffb_OpenImages_StableDiffusion_v4', 'd1110b5eb76d4b0e_m0cyhj__586b7107_OpenImages_StableDiffusion_v5']"
69c3fcecd632d261,"[""['bird']""]","A bird",3,"['69c3fcecd632d261_m015p6_ecb85782_OpenImages_StableDiffusion_v5', '69c3fcecd632d261_m015p6_ecb85782_OpenImages_OpenJourney', '69c3fcecd632d261_m015p6_ecb85782_OpenImages_StableDiffusion_XL']"
175d58a18a0bd278,"[""['goose', 'duck']""]","A goose or a duck",5,"['175d58a18a0bd278_m09ddx_75ab843a_OpenImages_StableDiffusion_v4', '175d58a18a0bd278_m0dbvp_99bc467c_OpenImages_StableDiffusion_v4', '175d58a18a0bd278_m09ddx_13ebc4c5_OpenImages_StableDiffusion_v4', '175d58a18a0bd278_m09ddx_efae63ef_OpenImages_Kandinsky_2_2', '175d58a18a0bd278_m0dbvp_09e83a55_OpenImages_StableDiffusion_v4']"
d78a5500403a56c0,"[""['sword', 'dagger']""]","A sword or a dagger",3,"['d78a5500403a56c0_m02gzp_ab6f184a_OpenImages_StableDiffusion_v5', 'd78a5500403a56c0_m06y5r_17b991f9_OpenImages_OpenJourney', 'd78a5500403a56c0_m06y5r_37845d47_OpenImages_StableDiffusion_v5']"
7b4e7878bf1aecb3,"[""['muffin']""]","A muffin",5,"['7b4e7878bf1aecb3_m01tcjp_4d2978b0_OpenImages_OpenJourney', '7b4e7878bf1aecb3_m01tcjp_8536566d_OpenImages_StableDiffusion_v4', '7b4e7878bf1aecb3_m01tcjp_2f8dba73_OpenImages_StableDiffusion_v5', '7b4e7878bf1aecb3_m01tcjp_8536566d_OpenImages_StableDiffusion_v4', '7b4e7878bf1aecb3_m01tcjp_8536566d_OpenImages_Kandinsky_2_2']"
b728aa6f4c5280e3,"[""['vase', 'flowerpot']""]","A flowerpot or a vase",4,"['b728aa6f4c5280e3_m02s195_f807b138_OpenImages_Kandinsky_2_2', 'b728aa6f4c5280e3_m0fm3zh_4f6803f3_OpenImages_OpenJourney', 'b728aa6f4c5280e3_m0fm3zh_7c642e22_OpenImages_OpenJourney', 'b728aa6f4c5280e3_m0fm3zh_6f14c7b2_OpenImages_Kandinsky_2_2']"
5e25bb93819d7e8e,"[""['rabbit']""]","A rabbit",3,"['5e25bb93819d7e8e_m06mf6_73d67b14_OpenImages_StableDiffusion_XL', '5e25bb93819d7e8e_m06mf6_73d67b14_OpenImages_OpenJourney', '5e25bb93819d7e8e_m06mf6_73d67b14_OpenImages_OpenJourney']"
dbc3c0da2f3d57d8,"[""['hippopotamus']""]","A hippopotamus",3,"['dbc3c0da2f3d57d8_m09f20_997733ae_OpenImages_StableDiffusion_v4', 'dbc3c0da2f3d57d8_m09f20_1a694fe4_OpenImages_StableDiffusion_XL', 'dbc3c0da2f3d57d8_m09f20_997733ae_OpenImages_OpenJourney']"
f7dc53f11acde989,"[""['pancake']""]","Pancakes",4,"['f7dc53f11acde989_m01dwwc_3d274f30_OpenImages_StableDiffusion_XL', 'f7dc53f11acde989_m01dwwc_9c41602c_OpenImages_StableDiffusion_v4', 'f7dc53f11acde989_m01dwwc_28e2520f_OpenImages_StableDiffusion_XL', 'f7dc53f11acde989_m01dwwc_9c41602c_OpenImages_StableDiffusion_v4']"
ef1c92617f2a63e3,"[""['woman']""]","A woman",3,"['ef1c92617f2a63e3_m03bt1vf_afcadf69_OpenImages_Kandinsky_2_2', 'ef1c92617f2a63e3_m03bt1vf_ca7eddee_OpenImages_StableDiffusion_v5', 'ef1c92617f2a63e3_m03bt1vf_afcadf69_OpenImages_StableDiffusion_XL']"
8b286a528fde362d,"[""['guitar', 'human body']""]","A human body holding a guitar",3,"['8b286a528fde362d_m0342h_03276800_OpenImages_StableDiffusion_v4', '8b286a528fde362d_m02p0tk3_61142c8a_OpenImages_StableDiffusion_v5', '8b286a528fde362d_m02p0tk3_61142c8a_OpenImages_OpenJourney']"
622e074fe98116c3,"[""['jug', 'pitcher (container)', 'flowerpot', 'vase']""]","A jug or pitcher or a flower vase",5,"['622e074fe98116c3_m054fyh_82839786_OpenImages_StableDiffusion_v4', '622e074fe98116c3_m054fyh_82839786_OpenImages_StableDiffusion_v5', '622e074fe98116c3_m02s195_71c29538_OpenImages_Kandinsky_2_2', '622e074fe98116c3_m02s195_71c29538_OpenImages_StableDiffusion_v4', '622e074fe98116c3_m054fyh_82839786_OpenImages_OpenJourney']"
1f29bf6f469ac1b7,"[""['harbor seal', 'sea lion']""]","A harbor seal or a sea lion",3,"['1f29bf6f469ac1b7_m0gd36_b1b942ba_OpenImages_StableDiffusion_v5', '1f29bf6f469ac1b7_m0gd36_b1b942ba_OpenImages_Kandinsky_2_2', '1f29bf6f469ac1b7_m02l8p9_6b7d5f9c_OpenImages_StableDiffusion_v5']"
fecf91dd4a41cd96,"[""['goldfish', 'fish']""]","A goldfish",5,"['fecf91dd4a41cd96_m0ch_cf_703f7f29_OpenImages_StableDiffusion_XL', 'fecf91dd4a41cd96_m0ch_cf_93a1ce5e_OpenImages_Kandinsky_2_2', 'fecf91dd4a41cd96_m0ch_cf_4149cf67_OpenImages_StableDiffusion_v4', 'fecf91dd4a41cd96_m03fj2_be17d7b2_OpenImages_Kandinsky_2_2', 'fecf91dd4a41cd96_m03fj2_6593784a_OpenImages_StableDiffusion_v5']"
59d728940d54f997,"[""['skirt', 'miniskirt', 'dress']""]","A miniskirt and a dress",4,"['59d728940d54f997_m01cmb2_d70bd3f1_OpenImages_StableDiffusion_v4', '59d728940d54f997_m02wv6h6_0568fe64_OpenImages_StableDiffusion_v5', '59d728940d54f997_m02wv6h6_0568fe64_OpenImages_OpenJourney', '59d728940d54f997_m01d40f_41148274_OpenImages_StableDiffusion_v4']"
b58f1f88f8fbd38a,"[""['starfish']""]","A starfish",3,"['b58f1f88f8fbd38a_m01h8tj_399d73c3_OpenImages_StableDiffusion_v4', 'b58f1f88f8fbd38a_m01h8tj_399d73c3_OpenImages_StableDiffusion_XL', 'b58f1f88f8fbd38a_m01h8tj_399d73c3_OpenImages_StableDiffusion_XL']"
8c1d24dcbaeec096,"[""['barrel']""]","A barrel",6,"['8c1d24dcbaeec096_m02zn6n_e6e157d4_OpenImages_OpenJourney', '8c1d24dcbaeec096_m02zn6n_3fab2915_OpenImages_StableDiffusion_XL', '8c1d24dcbaeec096_m02zn6n_913e6894_OpenImages_OpenJourney', '8c1d24dcbaeec096_m02zn6n_e6e157d4_OpenImages_StableDiffusion_v5', '8c1d24dcbaeec096_m02zn6n_c876990d_OpenImages_StableDiffusion_v5', '8c1d24dcbaeec096_m02zn6n_c876990d_OpenImages_StableDiffusion_XL']"
5de7fc6ecb724cff,"[""['tie', 'trousers']""]","A tie and trousers",8,"['5de7fc6ecb724cff_m07mhn_e8875a14_OpenImages_StableDiffusion_v4', '5de7fc6ecb724cff_m07mhn_a228a16a_OpenImages_StableDiffusion_XL', '5de7fc6ecb724cff_m07mhn_86811b89_OpenImages_StableDiffusion_XL', '5de7fc6ecb724cff_m07mhn_86811b89_OpenImages_StableDiffusion_XL', '5de7fc6ecb724cff_m07mhn_e8875a14_OpenImages_Kandinsky_2_2', '5de7fc6ecb724cff_m07mhn_86811b89_OpenImages_StableDiffusion_v4', '5de7fc6ecb724cff_m07mhn_a228a16a_OpenImages_Kandinsky_2_2', '5de7fc6ecb724cff_m07mhn_86811b89_OpenImages_StableDiffusion_v5']"
7ca419af2bf4b432,"[""['aircraft', 'fixed-wing aircraft']""]","An aircraft",4,"['7ca419af2bf4b432_m0k5j_ea45c512_OpenImages_StableDiffusion_XL', '7ca419af2bf4b432_m0k5j_6c1e3952_OpenImages_StableDiffusion_v5', '7ca419af2bf4b432_m0k5j_ea45c512_OpenImages_StableDiffusion_v4', '7ca419af2bf4b432_m0k5j_b22d7040_OpenImages_StableDiffusion_XL']"
5c9e024962d5f0a7,"[""['motorcycle']""]","A motorcycle",3,"['5c9e024962d5f0a7_m04_sv_df3b233a_OpenImages_StableDiffusion_v5', '5c9e024962d5f0a7_m04_sv_df3b233a_OpenImages_StableDiffusion_v4', '5c9e024962d5f0a7_m04_sv_df3b233a_OpenImages_OpenJourney']"
516a2419668bd201,"[""['broccoli']""]","Broccoli",5,"['516a2419668bd201_m0hkxq_5077f0b8_OpenImages_StableDiffusion_v5', '516a2419668bd201_m0hkxq_0f4ac47a_OpenImages_Kandinsky_2_2', '516a2419668bd201_m0hkxq_123c93df_OpenImages_StableDiffusion_v5', '516a2419668bd201_m0hkxq_0f4ac47a_OpenImages_OpenJourney', '516a2419668bd201_m0hkxq_b239fe49_OpenImages_StableDiffusion_v5']"
500b6180c0d29747,"[""['winter melon', 'squash (plant)']""]","A winter melon or squash",8,"['500b6180c0d29747_m0dv77_7c88f2a8_OpenImages_StableDiffusion_v4', '500b6180c0d29747_m02cvgx_1c7b3a13_OpenImages_StableDiffusion_XL', '500b6180c0d29747_m0dv77_8a9c1ce6_OpenImages_OpenJourney', '500b6180c0d29747_m0dv77_5553a103_OpenImages_StableDiffusion_v5', '500b6180c0d29747_m0dv77_dc8ba20f_OpenImages_OpenJourney', '500b6180c0d29747_m0dv77_ae3c5d8c_OpenImages_StableDiffusion_v4', '500b6180c0d29747_m02cvgx_9921b2ff_OpenImages_StableDiffusion_v5', '500b6180c0d29747_m0dv77_93d5407a_OpenImages_StableDiffusion_XL']"
18eedb7aeb04344a,"[""['drink', 'beer']""]","A glass of beer",5,"['18eedb7aeb04344a_m0271t_5152465c_OpenImages_StableDiffusion_XL', '18eedb7aeb04344a_m0271t_5152465c_OpenImages_Kandinsky_2_2', '18eedb7aeb04344a_m01599_90771dd1_OpenImages_OpenJourney', '18eedb7aeb04344a_m01599_90771dd1_OpenImages_Kandinsky_2_2', '18eedb7aeb04344a_m0271t_5152465c_OpenImages_StableDiffusion_v5']"
2406df385f602b9b,"[""['zucchini', 'cucumber']""]","A zucchini or cucumber",4,"['2406df385f602b9b_m015x4r_c8f970ba_OpenImages_StableDiffusion_v5', '2406df385f602b9b_m027pcv_ab204586_OpenImages_StableDiffusion_v4', '2406df385f602b9b_m015x4r_c8f970ba_OpenImages_OpenJourney', '2406df385f602b9b_m015x4r_c7f986b1_OpenImages_StableDiffusion_XL']"
b755836a8af2024b,"[""['balloon']""]","A balloon",3,"['b755836a8af2024b_m01j51_1a34de7b_OpenImages_OpenJourney', 'b755836a8af2024b_m01j51_1a34de7b_OpenImages_StableDiffusion_XL', 'b755836a8af2024b_m01j51_8c5f42ad_OpenImages_StableDiffusion_v4']"
b81faf1b4bff0153,"[""['canoe']""]","A canoe",3,"['b81faf1b4bff0153_m0ph39_caeb75bd_OpenImages_StableDiffusion_XL', 'b81faf1b4bff0153_m0ph39_caeb75bd_OpenImages_OpenJourney', 'b81faf1b4bff0153_m0ph39_3caf6f91_OpenImages_OpenJourney']"
e86eaa23da78ed96,"[""['van', 'limousine']""]","A van and a limousine",4,"['e86eaa23da78ed96_m0h2r6_c7a2144b_OpenImages_StableDiffusion_XL', 'e86eaa23da78ed96_m01lcw4_c0819e5b_OpenImages_Kandinsky_2_2', 'e86eaa23da78ed96_m01lcw4_c0819e5b_OpenImages_Kandinsky_2_2', 'e86eaa23da78ed96_m01lcw4_c0819e5b_OpenImages_StableDiffusion_XL']"
57d9906180d7a87d,"[""['surfboard', 'swimwear']""]","A surfboard and swimwear",3,"['57d9906180d7a87d_m01gkx__e559119a_OpenImages_StableDiffusion_v4', '57d9906180d7a87d_m01gkx__e559119a_OpenImages_Kandinsky_2_2', '57d9906180d7a87d_m01gkx__e559119a_OpenImages_StableDiffusion_XL']"
ee2687b634bb8fbe,"[""['croissant', 'bread']""]","A croissant and some bread",4,"['ee2687b634bb8fbe_m015wgc_a9d392f2_OpenImages_OpenJourney', 'ee2687b634bb8fbe_m015wgc_93e1ccd0_OpenImages_OpenJourney', 'ee2687b634bb8fbe_m015wgc_7f374f78_OpenImages_StableDiffusion_XL', 'ee2687b634bb8fbe_m015wgc_8e34bbc2_OpenImages_StableDiffusion_XL']"
2c5681a1d46ea716,"[""['cake', 'strawberry']""]","A strawberry cake",4,"['2c5681a1d46ea716_m07fbm7_0e48fd4f_OpenImages_StableDiffusion_v4', '2c5681a1d46ea716_m07fbm7_56eae7d0_OpenImages_OpenJourney', '2c5681a1d46ea716_m07fbm7_d36d661f_OpenImages_StableDiffusion_v4', '2c5681a1d46ea716_m07fbm7_cf063a41_OpenImages_StableDiffusion_XL']"
8865694899bc5737,"[""['goose']""]","A goose",5,"['8865694899bc5737_m0dbvp_db5b17e2_OpenImages_StableDiffusion_XL', '8865694899bc5737_m0dbvp_cb20ba7e_OpenImages_Kandinsky_2_2', '8865694899bc5737_m0dbvp_cb20ba7e_OpenImages_StableDiffusion_XL', '8865694899bc5737_m0dbvp_8c37821e_OpenImages_StableDiffusion_v5', '8865694899bc5737_m0dbvp_824adbd8_OpenImages_StableDiffusion_v4']"
591039865a4d874a,"[""['mobile phone', 'ipod']""]","A mobile phone and an ipod",6,"['591039865a4d874a_m050k8_6d432a32_OpenImages_Kandinsky_2_2', '591039865a4d874a_m050k8_8ba80f18_OpenImages_StableDiffusion_v5', '591039865a4d874a_m050k8_8ba80f18_OpenImages_StableDiffusion_v4', '591039865a4d874a_m050k8_c6645567_OpenImages_StableDiffusion_v5', '591039865a4d874a_m050k8_6d432a32_OpenImages_StableDiffusion_XL', '591039865a4d874a_m050k8_6d432a32_OpenImages_Kandinsky_2_2']"
58d5304378bd430b,"[""['shark', 'whale']""]","A shark whale",3,"['58d5304378bd430b_m0by6g_3af5152a_OpenImages_StableDiffusion_v4', '58d5304378bd430b_m084zz_caeabb80_OpenImages_Kandinsky_2_2', '58d5304378bd430b_m0by6g_3af5152a_OpenImages_OpenJourney']"
9157d7a27084111b,"[""['studio couch', 'sofa bed', 'couch']""]","A studio couch and a sofa bed",6,"['9157d7a27084111b_m026qbn5_a304e722_OpenImages_StableDiffusion_v5', '9157d7a27084111b_m02crq1_43d9321c_OpenImages_StableDiffusion_v5', '9157d7a27084111b_m03m3pdh_01de6e4a_OpenImages_StableDiffusion_XL', '9157d7a27084111b_m02crq1_34c7238e_OpenImages_StableDiffusion_XL', '9157d7a27084111b_m02crq1_43d9321c_OpenImages_StableDiffusion_XL', '9157d7a27084111b_m02crq1_34c7238e_OpenImages_StableDiffusion_v5']"
4211b2a300991531,"[""['fixed-wing aircraft']""]","A fixed-wing aircraft",3,"['4211b2a300991531_m0cmf2_24614f5b_OpenImages_StableDiffusion_v5', '4211b2a300991531_m0cmf2_24614f5b_OpenImages_StableDiffusion_v4', '4211b2a300991531_m0cmf2_24614f5b_OpenImages_OpenJourney']"
77342c4f2ac0f91b,"[""['goose', 'duck', 'swan']""]","A goose a duck and a swan",5,"['77342c4f2ac0f91b_m09ddx_3abe9daf_OpenImages_OpenJourney', '77342c4f2ac0f91b_m0dftk_bbe61fec_OpenImages_OpenJourney', '77342c4f2ac0f91b_m09ddx_3abe9daf_OpenImages_OpenJourney', '77342c4f2ac0f91b_m0dftk_a7d1e762_OpenImages_StableDiffusion_XL', '77342c4f2ac0f91b_m09ddx_b2f186d3_OpenImages_StableDiffusion_XL']"
1c68ec73964a0332,"[""['camel']""]","A camel",5,"['1c68ec73964a0332_m01x_v_5a8585bc_OpenImages_OpenJourney', '1c68ec73964a0332_m01x_v_da090dc3_OpenImages_Kandinsky_2_2', '1c68ec73964a0332_m01x_v_98712b01_OpenImages_StableDiffusion_v5', '1c68ec73964a0332_m01x_v_5a8585bc_OpenImages_StableDiffusion_v4', '1c68ec73964a0332_m01x_v_5a8585bc_OpenImages_StableDiffusion_v4']"
c698f4f101a2d16d,"[""['bust', 'bronze sculpture']""]","A bronze sculpture bust",3,"['c698f4f101a2d16d_m01yx86_cffae025_OpenImages_StableDiffusion_XL', 'c698f4f101a2d16d_m04yqq2_72a66493_OpenImages_StableDiffusion_XL', 'c698f4f101a2d16d_m01yx86_cffae025_OpenImages_OpenJourney']"
764b7a05c634c23f,"[""['high heels', 'boot']""]","A boot with high heels",4,"['764b7a05c634c23f_m06k2mb_0fe393d6_OpenImages_StableDiffusion_v5', '764b7a05c634c23f_m06k2mb_0fe393d6_OpenImages_StableDiffusion_XL', '764b7a05c634c23f_m01b638_df51d6f4_OpenImages_StableDiffusion_XL', '764b7a05c634c23f_m01b638_df51d6f4_OpenImages_StableDiffusion_v5']"
6a3f4cc422ca16d1,"[""['drink', 'orange (fruit)', 'grapefruit']""]","A drink with orange and grapefruit",4,"['6a3f4cc422ca16d1_m0271t_63991dae_OpenImages_StableDiffusion_v4', '6a3f4cc422ca16d1_m0hqkz_25ea1d78_OpenImages_Kandinsky_2_2', '6a3f4cc422ca16d1_m0hqkz_25ea1d78_OpenImages_StableDiffusion_v5', '6a3f4cc422ca16d1_m0271t_63991dae_OpenImages_Kandinsky_2_2']"
e3ca7de8aa638f6a,"[""['spoon', 'coffee (drink)', 'saucer', 'drink', 'bottle', 'coffee cup', 'tea']""]","A bottle and a saucer with a cup of coffee or tea and a spoon",4,"['e3ca7de8aa638f6a_m02vqfm_1c2e49d7_OpenImages_OpenJourney', 'e3ca7de8aa638f6a_m0cmx8_366190d0_OpenImages_StableDiffusion_XL', 'e3ca7de8aa638f6a_m02vqfm_1c2e49d7_OpenImages_StableDiffusion_XL', 'e3ca7de8aa638f6a_m0cmx8_366190d0_OpenImages_StableDiffusion_v5']"
f722edf6695264e1,"[""['teapot', 'mug', 'kettle', 'saucer', 'coffee cup']""]","A teapot on the kettle and a coffee cup on a saucer",4,"['f722edf6695264e1_m03s_tn_9963884b_OpenImages_StableDiffusion_v5', 'f722edf6695264e1_m02p5f1q_fac7cc24_OpenImages_StableDiffusion_XL', 'f722edf6695264e1_m02jvh9_b0457595_OpenImages_StableDiffusion_XL', 'f722edf6695264e1_m03q5c7_2c3bcf3d_OpenImages_StableDiffusion_XL']"
a1b204b6512f9242,"[""['harbor seal', 'sea lion', 'otter']""]","A harbor seal or a sea lion or an otter",3,"['a1b204b6512f9242_m0gd36_d0a3165f_OpenImages_StableDiffusion_v4', 'a1b204b6512f9242_m0gd36_d0a3165f_OpenImages_OpenJourney', 'a1b204b6512f9242_m0cn6p_efc8ef49_OpenImages_StableDiffusion_v4']"
bd3607a4b241c06d,"[""['washing machine']""]","A washing machine",3,"['bd3607a4b241c06d_m0174k2_586fbd1b_OpenImages_Kandinsky_2_2', 'bd3607a4b241c06d_m0174k2_586fbd1b_OpenImages_OpenJourney', 'bd3607a4b241c06d_m0174k2_586fbd1b_OpenImages_StableDiffusion_v5']"
df6a51c635afe963,"[""['coffee cup', 'bowl', 'mug', 'mixing bowl']""]","A coffee mug and a mixing bowl",11,"['df6a51c635afe963_m02p5f1q_8ee3aa8d_OpenImages_StableDiffusion_XL', 'df6a51c635afe963_m02p5f1q_e14491a5_OpenImages_Kandinsky_2_2', 'df6a51c635afe963_m02jvh9_c3d348fc_OpenImages_OpenJourney', 'df6a51c635afe963_m03hj559_a91e4d6b_OpenImages_OpenJourney', 'df6a51c635afe963_m02jvh9_6cff6d88_OpenImages_StableDiffusion_v4', 'df6a51c635afe963_m04kkgm_55aa5bb9_OpenImages_StableDiffusion_XL', 'df6a51c635afe963_m03hj559_a91e4d6b_OpenImages_StableDiffusion_v5', 'df6a51c635afe963_m02p5f1q_ad750de8_OpenImages_StableDiffusion_XL', 'df6a51c635afe963_m03hj559_a91e4d6b_OpenImages_Kandinsky_2_2', 'df6a51c635afe963_m02jvh9_c3d348fc_OpenImages_StableDiffusion_v5', 'df6a51c635afe963_m03hj559_ff3d79a4_OpenImages_StableDiffusion_XL']"
e6e6865c1f6b8e87,"[""['tomato', 'pizza']""]","A pizza with tomato",4,"['e6e6865c1f6b8e87_m07j87_b26cac97_OpenImages_Kandinsky_2_2', 'e6e6865c1f6b8e87_m07j87_f76a6401_OpenImages_Kandinsky_2_2', 'e6e6865c1f6b8e87_m07j87_58cbe142_OpenImages_StableDiffusion_XL', 'e6e6865c1f6b8e87_m07j87_58cbe142_OpenImages_StableDiffusion_v4']"
b22737782d386723,"[""['human ear', 'swimwear', 'human mouth']""]","A human ear and mouth and swimwear",4,"['b22737782d386723_m039xj__2cafd563_OpenImages_OpenJourney', 'b22737782d386723_m01gkx__93159175_OpenImages_OpenJourney', 'b22737782d386723_m0283dt1_76e9604d_OpenImages_Kandinsky_2_2', 'b22737782d386723_m039xj__2cafd563_OpenImages_StableDiffusion_v5']"
38c6a73c3e1fc3d2,"[""['cowboy hat', 'hat']""]","A cowboy hat",5,"['38c6a73c3e1fc3d2_m02dl1y_7dee5358_OpenImages_Kandinsky_2_2', '38c6a73c3e1fc3d2_m02dl1y_dd1a6ddc_OpenImages_StableDiffusion_v4', '38c6a73c3e1fc3d2_m02dl1y_7dee5358_OpenImages_StableDiffusion_XL', '38c6a73c3e1fc3d2_m02dl1y_7dee5358_OpenImages_StableDiffusion_v4', '38c6a73c3e1fc3d2_m02dl1y_dd1a6ddc_OpenImages_OpenJourney']"
ebb9a47f006b7d49,"[""['saucer', 'coffee cup', 'tea', 'coffee (drink)']""]","A coffee cup on a saucer",3,"['ebb9a47f006b7d49_m02vqfm_296c2d12_OpenImages_OpenJourney', 'ebb9a47f006b7d49_m02p5f1q_9d18e4aa_OpenImages_StableDiffusion_v5', 'ebb9a47f006b7d49_m02p5f1q_c1c7ed34_OpenImages_OpenJourney']"
2ed68ac9c200a034,"[""['dice']""]","Some dice",4,"['2ed68ac9c200a034_m029b3_0a389be9_OpenImages_StableDiffusion_v5', '2ed68ac9c200a034_m029b3_7f53ded7_OpenImages_StableDiffusion_v4', '2ed68ac9c200a034_m029b3_7f53ded7_OpenImages_StableDiffusion_v4', '2ed68ac9c200a034_m029b3_a51acb6a_OpenImages_StableDiffusion_XL']"
cfc964f6e8a96301,"[""['wine', 'bottle', 'beer']""]","A bottle of wine and a beer",3,"['cfc964f6e8a96301_m01599_60dd36e0_OpenImages_OpenJourney', 'cfc964f6e8a96301_m081qc_bfb05bbd_OpenImages_Kandinsky_2_2', 'cfc964f6e8a96301_m01599_60dd36e0_OpenImages_StableDiffusion_XL']"
31c66704f5623e96,"[""['cattle', 'bull']""]","Cattle and a bull",3,"['31c66704f5623e96_m0cnyhnx_957547c9_OpenImages_OpenJourney', '31c66704f5623e96_m01xq0k1_470300eb_OpenImages_OpenJourney', '31c66704f5623e96_m0cnyhnx_957547c9_OpenImages_StableDiffusion_v5']"
3928a399e08e1758,"[""['pillow', 'studio couch', 'couch']""]","A pillow on a couch",6,"['3928a399e08e1758_m026qbn5_4b39f480_OpenImages_Kandinsky_2_2', '3928a399e08e1758_m02crq1_17c89498_OpenImages_OpenJourney', '3928a399e08e1758_m02crq1_17c89498_OpenImages_StableDiffusion_v5', '3928a399e08e1758_m034c16_248b7ab5_OpenImages_StableDiffusion_v5', '3928a399e08e1758_m026qbn5_ca01207e_OpenImages_StableDiffusion_XL', '3928a399e08e1758_m034c16_248b7ab5_OpenImages_StableDiffusion_v4']"
b2ebfacff545ad09,"[""['coin']""]","A coin",4,"['b2ebfacff545ad09_m0242l_3826bd37_OpenImages_OpenJourney', 'b2ebfacff545ad09_m0242l_b52c0917_OpenImages_StableDiffusion_XL', 'b2ebfacff545ad09_m0242l_b52c0917_OpenImages_OpenJourney', 'b2ebfacff545ad09_m0242l_b52c0917_OpenImages_StableDiffusion_XL']"
e16d9f29e2462eea,"[""['bagel', 'doughnut']""]","A bagel and a donut",5,"['e16d9f29e2462eea_m0jy4k_f3d9cda7_OpenImages_Kandinsky_2_2', 'e16d9f29e2462eea_m01fb_0_2969141c_OpenImages_StableDiffusion_XL', 'e16d9f29e2462eea_m0jy4k_94e6f699_OpenImages_OpenJourney', 'e16d9f29e2462eea_m0jy4k_f3d9cda7_OpenImages_StableDiffusion_v5', 'e16d9f29e2462eea_m01fb_0_baa743c5_OpenImages_OpenJourney']"
9e38e554494bd9a5,"[""['duck', 'swan']""]","A duck or a swan",3,"['9e38e554494bd9a5_m0dftk_2d7ae3cb_OpenImages_OpenJourney', '9e38e554494bd9a5_m0dftk_c800213e_OpenImages_OpenJourney', '9e38e554494bd9a5_m0dftk_c800213e_OpenImages_StableDiffusion_v5']"
1e74328369e70739,"[""['grapefruit']""]","A grapefruit",3,"['1e74328369e70739_m0hqkz_4851b222_OpenImages_Kandinsky_2_2', '1e74328369e70739_m0hqkz_668d48c1_OpenImages_StableDiffusion_v4', '1e74328369e70739_m0hqkz_4851b222_OpenImages_Kandinsky_2_2']"
574c680e0b62ef73,"[""['tortoise', 'sea turtle']""]","A tortoise or a sea turtle",4,"['574c680e0b62ef73_m0120dh_01aa2644_OpenImages_StableDiffusion_v4', '574c680e0b62ef73_m011k07_762a3a4c_OpenImages_StableDiffusion_XL', '574c680e0b62ef73_m011k07_762a3a4c_OpenImages_StableDiffusion_v5', '574c680e0b62ef73_m011k07_4cc11eeb_OpenImages_OpenJourney']"
0650a130d7f707b5,"[""['turkey', 'chicken']""]","A turkey or a chicken",4,"['0650a130d7f707b5_m0jly1_08143be0_OpenImages_OpenJourney', '0650a130d7f707b5_m09b5t_10fc6a1a_OpenImages_StableDiffusion_XL', '0650a130d7f707b5_m09b5t_6a5a25e0_OpenImages_OpenJourney', '0650a130d7f707b5_m0jly1_08143be0_OpenImages_StableDiffusion_v5']"
35abdcbd62e7f8a4,"[""['clothing']""]","A piece of clothing",3,"['35abdcbd62e7f8a4_m09j2d_92fb90d1_OpenImages_StableDiffusion_v5', '35abdcbd62e7f8a4_m09j2d_92fb90d1_OpenImages_OpenJourney', '35abdcbd62e7f8a4_m09j2d_92fb90d1_OpenImages_Kandinsky_2_2']"
b9ed4725c0ca9f60,"[""['turkey']""]","A turkey",3,"['b9ed4725c0ca9f60_m0jly1_9074f7e9_OpenImages_StableDiffusion_v5', 'b9ed4725c0ca9f60_m0jly1_348ab3ab_OpenImages_OpenJourney', 'b9ed4725c0ca9f60_m0jly1_348ab3ab_OpenImages_StableDiffusion_v4']"
8e164d1a6f6edbf4,"[""['pretzel']""]","A pretzel",3,"['8e164d1a6f6edbf4_m01f91__4f6b7a78_OpenImages_StableDiffusion_v4', '8e164d1a6f6edbf4_m01f91__52f0f8d7_OpenImages_Kandinsky_2_2', '8e164d1a6f6edbf4_m01f91__4f6b7a78_OpenImages_StableDiffusion_v5']"
1290db73f773e299,"[""['tomato', 'carrot']""]","A salad with apple tomato and carrot",3,"['1290db73f773e299_m07j87_c6d0fa20_OpenImages_Kandinsky_2_2', '1290db73f773e299_m0fj52s_5d40410d_OpenImages_OpenJourney', '1290db73f773e299_m0fj52s_230f4cf8_OpenImages_StableDiffusion_XL']"
22d9e033dadee2ab,"[""['jug', 'vase', 'teapot', 'pitcher (container)']""]","A jug or a vase or a teapot or a pitcher",3,"['22d9e033dadee2ab_m08hvt4_00b99c09_OpenImages_StableDiffusion_v5', '22d9e033dadee2ab_m01fh4r_c1dd581a_OpenImages_StableDiffusion_XL', '22d9e033dadee2ab_m08hvt4_00b99c09_OpenImages_StableDiffusion_v4']"
70a6c792e498bccc,"[""['studio couch', 'loveseat']""]","A loveseat couch",3,"['70a6c792e498bccc_m026qbn5_3d7adacf_OpenImages_StableDiffusion_XL', '70a6c792e498bccc_m0703r8_1414439d_OpenImages_OpenJourney', '70a6c792e498bccc_m0703r8_1414439d_OpenImages_Kandinsky_2_2']"
addd2b526748b761,"[""['cowboy hat', 'fedora']""]","A fedora cowboy hat",3,"['addd2b526748b761_m02fq_6_e9d32cf1_OpenImages_OpenJourney', 'addd2b526748b761_m025rp___2f4e6452_OpenImages_StableDiffusion_v5', 'addd2b526748b761_m02fq_6_e9d32cf1_OpenImages_StableDiffusion_XL']"
a273f504b47d0670,"[""['carnivore', 'cat']""]","A carnivore cat",6,"['a273f504b47d0670_m01yrx_7e16ca94_OpenImages_StableDiffusion_XL', 'a273f504b47d0670_m01yrx_a0626e8b_OpenImages_StableDiffusion_v5', 'a273f504b47d0670_m01yrx_a0626e8b_OpenImages_OpenJourney', 'a273f504b47d0670_m01yrx_7e16ca94_OpenImages_StableDiffusion_XL', 'a273f504b47d0670_m01yrx_7e16ca94_OpenImages_StableDiffusion_v4', 'a273f504b47d0670_m01yrx_a0626e8b_OpenImages_StableDiffusion_XL']"
89d8c4de1f2f3f07,"[""['laptop', 'computer keyboard']""]","A laptop anda computer keyboard",5,"['89d8c4de1f2f3f07_m01m2v_dfc66fe6_OpenImages_StableDiffusion_v4', '89d8c4de1f2f3f07_m01m2v_dfc66fe6_OpenImages_Kandinsky_2_2', '89d8c4de1f2f3f07_m01c648_2e23d99b_OpenImages_StableDiffusion_v5', '89d8c4de1f2f3f07_m01m2v_a3069cf0_OpenImages_StableDiffusion_XL', '89d8c4de1f2f3f07_m01m2v_dfc66fe6_OpenImages_StableDiffusion_XL']"
5bf182c14ade8c4f,"[""['horse']""]","A horse",3,"['5bf182c14ade8c4f_m03k3r_e3181618_OpenImages_Kandinsky_2_2', '5bf182c14ade8c4f_m03k3r_e3181618_OpenImages_StableDiffusion_v5', '5bf182c14ade8c4f_m03k3r_e3181618_OpenImages_StableDiffusion_v4']"
8440b82a456faf37,"[""['cake']""]","A cake",4,"['8440b82a456faf37_m0fszt_59c05034_OpenImages_StableDiffusion_v4', '8440b82a456faf37_m0fszt_d94f42f2_OpenImages_StableDiffusion_v5', '8440b82a456faf37_m0fszt_24523a37_OpenImages_StableDiffusion_v5', '8440b82a456faf37_m0fszt_775c8ed3_OpenImages_OpenJourney']"
95653b68e47ff420,"[""['flowerpot']""]","A flower pot",3,"['95653b68e47ff420_m0fm3zh_5cfefc5f_OpenImages_OpenJourney', '95653b68e47ff420_m0fm3zh_5cfefc5f_OpenImages_StableDiffusion_XL', '95653b68e47ff420_m0fm3zh_79c82841_OpenImages_StableDiffusion_v5']"
ef80dcc193773eae,"[""['woman', 'girl']""]","A woman girl",3,"['ef80dcc193773eae_m03bt1vf_2cd4f65c_OpenImages_StableDiffusion_XL', 'ef80dcc193773eae_m03bt1vf_6f0aded2_OpenImages_StableDiffusion_v5', 'ef80dcc193773eae_m03bt1vf_6f0aded2_OpenImages_Kandinsky_2_2']"
7936076e23541980,"[""['squash (plant)']""]","A squash plant",3,"['7936076e23541980_m0dv77_a9087a10_OpenImages_StableDiffusion_XL', '7936076e23541980_m0dv77_3c062ae8_OpenImages_StableDiffusion_XL', '7936076e23541980_m0dv77_3c062ae8_OpenImages_StableDiffusion_XL']"
1993005e3e47a261,"[""['jeans', 'trousers', 'human body']""]","Jeans or trousers on a human body",3,"['1993005e3e47a261_m07mhn_9b27f672_OpenImages_Kandinsky_2_2', '1993005e3e47a261_m0fly7_18191fca_OpenImages_OpenJourney', '1993005e3e47a261_m02p0tk3_762e81a4_OpenImages_Kandinsky_2_2']"
dde0f0d1cb4c50dc,"[""['carnivore']""]","A carnivore",3,"['dde0f0d1cb4c50dc_m01lrl_a68188f0_OpenImages_StableDiffusion_v5', 'dde0f0d1cb4c50dc_m01lrl_84ad28f3_OpenImages_StableDiffusion_v4', 'dde0f0d1cb4c50dc_m01lrl_84ad28f3_OpenImages_OpenJourney']"
5cb4587ec30a3020,"[""['pig']""]","A pig",4,"['5cb4587ec30a3020_m068zj_feb37ced_OpenImages_StableDiffusion_v4', '5cb4587ec30a3020_m068zj_feb37ced_OpenImages_Kandinsky_2_2', '5cb4587ec30a3020_m068zj_71956119_OpenImages_Kandinsky_2_2', '5cb4587ec30a3020_m068zj_62913396_OpenImages_Kandinsky_2_2']"
179846a7e34ba228,"[""['suit', 'human ear']""]","A human ear in a suit",3,"['179846a7e34ba228_m039xj__28027b21_OpenImages_StableDiffusion_v5', '179846a7e34ba228_m039xj__28027b21_OpenImages_OpenJourney', '179846a7e34ba228_m01xyhv_91d92642_OpenImages_StableDiffusion_v5']"
adc6cb08fcafcf77,"[""['cattle']""]","Cattle",4,"['adc6cb08fcafcf77_m01xq0k1_be028a0d_OpenImages_StableDiffusion_v5', 'adc6cb08fcafcf77_m01xq0k1_0350796c_OpenImages_OpenJourney', 'adc6cb08fcafcf77_m01xq0k1_40460cae_OpenImages_OpenJourney', 'adc6cb08fcafcf77_m01xq0k1_0350796c_OpenImages_StableDiffusion_XL']"
55917f4c7f266f73,"[""['pen']""]","A pen",4,"['55917f4c7f266f73_m0k1tl_319427b1_OpenImages_StableDiffusion_XL', '55917f4c7f266f73_m0k1tl_5c6b85c2_OpenImages_StableDiffusion_v5', '55917f4c7f266f73_m0k1tl_319427b1_OpenImages_StableDiffusion_XL', '55917f4c7f266f73_m0k1tl_e4400383_OpenImages_Kandinsky_2_2']"
d19f33c0904d6776,"[""['wheel', 'bus']""]","Wheels of a bus",3,"['d19f33c0904d6776_m083wq_19f888ca_OpenImages_Kandinsky_2_2', 'd19f33c0904d6776_m083wq_19f888ca_OpenImages_StableDiffusion_v5', 'd19f33c0904d6776_m01bjv_23251d24_OpenImages_StableDiffusion_v5']"
a7feceea20efd89f,"[""['cowboy hat', 'sun hat', 'fedora']""]","A cowboy hat or a sun hat or a fedora",4,"['a7feceea20efd89f_m02fq_6_22e65551_OpenImages_OpenJourney', 'a7feceea20efd89f_m02wbtzl_284ca5bf_OpenImages_OpenJourney', 'a7feceea20efd89f_m025rp___f9731f52_OpenImages_OpenJourney', 'a7feceea20efd89f_m02wbtzl_284ca5bf_OpenImages_Kandinsky_2_2']"
faf6d30a2f4398af,"[""['roller skates', 'girl', 'trousers']""]","A girl with trousers and roller skates",4,"['faf6d30a2f4398af_m07mhn_7bda4aff_OpenImages_OpenJourney', 'faf6d30a2f4398af_m07mhn_7bda4aff_OpenImages_StableDiffusion_v5', 'faf6d30a2f4398af_m05r655_d8c19347_OpenImages_OpenJourney', 'faf6d30a2f4398af_m07mhn_7bda4aff_OpenImages_Kandinsky_2_2']"
347b0afa5c8808d8,"[""['tart', 'strawberry']""]","A strawberry tart",7,"['347b0afa5c8808d8_m02zvsm_79cb223f_OpenImages_StableDiffusion_XL', '347b0afa5c8808d8_m02zvsm_79cb223f_OpenImages_StableDiffusion_v5', '347b0afa5c8808d8_m07fbm7_c96ec8ad_OpenImages_StableDiffusion_v5', '347b0afa5c8808d8_m07fbm7_8c01874c_OpenImages_StableDiffusion_v5', '347b0afa5c8808d8_m07fbm7_e5f787c6_OpenImages_StableDiffusion_XL', '347b0afa5c8808d8_m07fbm7_06892da6_OpenImages_StableDiffusion_v5', '347b0afa5c8808d8_m07fbm7_8c01874c_OpenImages_StableDiffusion_XL']"
925d1489dc88f3f3,"[""['hamburger']""]","A hamburger",3,"['925d1489dc88f3f3_m0cdn1_bf4e8ed6_OpenImages_OpenJourney', '925d1489dc88f3f3_m0cdn1_bf4e8ed6_OpenImages_StableDiffusion_XL', '925d1489dc88f3f3_m0cdn1_bbe0c0f8_OpenImages_StableDiffusion_XL']"
3df749836e00ec37,"[""['goose', 'swan']""]","A goose or a swan",3,"['3df749836e00ec37_m0dbvp_fc31266a_OpenImages_OpenJourney', '3df749836e00ec37_m0dftk_41ce9862_OpenImages_Kandinsky_2_2', '3df749836e00ec37_m0dftk_41ce9862_OpenImages_StableDiffusion_v5']"
4e9df759ce180a15,"[""['woman', 'football']""]","A woman playing football",3,"['4e9df759ce180a15_m01226z_05483c8a_OpenImages_StableDiffusion_v5', '4e9df759ce180a15_m03bt1vf_c8cc79ef_OpenImages_OpenJourney', '4e9df759ce180a15_m01226z_05483c8a_OpenImages_StableDiffusion_XL']"
fdc74a42fdd67589,"[""['saucer', 'coffee cup', 'coffee (drink)']""]","Drinking from a coffee cup on a saucer",3,"['fdc74a42fdd67589_m02vqfm_8d96e07d_OpenImages_StableDiffusion_v5', 'fdc74a42fdd67589_m02vqfm_8d96e07d_OpenImages_StableDiffusion_XL', 'fdc74a42fdd67589_m02p5f1q_e099e66b_OpenImages_StableDiffusion_v5']"
b2a369f311184a17,"[""['eagle', 'raven']""]","An eagle and a raven",3,"['b2a369f311184a17_m06j2d_65d81167_OpenImages_StableDiffusion_v4', 'b2a369f311184a17_m09csl_a810f93f_OpenImages_Kandinsky_2_2', 'b2a369f311184a17_m09csl_a810f93f_OpenImages_StableDiffusion_v5']"
958db65f66dd29ea,"[""['coffee cup', 'bowl']""]","A coffee cup and a bowl",3,"['958db65f66dd29ea_m04kkgm_ada101f8_OpenImages_StableDiffusion_XL', '958db65f66dd29ea_m04kkgm_815a4261_OpenImages_Kandinsky_2_2', '958db65f66dd29ea_m04kkgm_815a4261_OpenImages_StableDiffusion_XL']"
fe1580f27cfe4c67,"[""['pastry', 'cake']""]","A pastry and a cake",5,"['fe1580f27cfe4c67_m0fszt_120c73cc_OpenImages_StableDiffusion_XL', 'fe1580f27cfe4c67_m0fszt_18a5b5bc_OpenImages_Kandinsky_2_2', 'fe1580f27cfe4c67_m0fszt_3ac99778_OpenImages_OpenJourney', 'fe1580f27cfe4c67_m0fszt_fb9a599d_OpenImages_OpenJourney', 'fe1580f27cfe4c67_m0fszt_af32e58d_OpenImages_StableDiffusion_XL']"
eab69fe27b0d1b84,"[""['reptile']""]","A reptile",3,"['eab69fe27b0d1b84_m06bt6_93974b9f_OpenImages_Kandinsky_2_2', 'eab69fe27b0d1b84_m06bt6_93974b9f_OpenImages_Kandinsky_2_2', 'eab69fe27b0d1b84_m06bt6_93974b9f_OpenImages_StableDiffusion_XL']"
d78ddd3457118747,"[""['jug', 'pitcher (container)', 'strawberry']""]","A jug or a pitcher with strawberries",3,"['d78ddd3457118747_m07fbm7_91d310d1_OpenImages_StableDiffusion_v4', 'd78ddd3457118747_m07fbm7_f48c9b9d_OpenImages_StableDiffusion_v4', 'd78ddd3457118747_m08hvt4_7b6d7eed_OpenImages_Kandinsky_2_2']"
da3eaba337a1c0e4,"[""['tomato', 'bell pepper', 'squash (plant)']""]","A tomato, bell pepper and squash plant",3,"['da3eaba337a1c0e4_m0jg57_f4d192dd_OpenImages_StableDiffusion_v4', 'da3eaba337a1c0e4_m07j87_29d96653_OpenImages_OpenJourney', 'da3eaba337a1c0e4_m0dv77_26616148_OpenImages_StableDiffusion_v5']"
b281c337a69f4e52,"[""['coffee (drink)', 'human body', 'saucer', 'coffee cup', 'tea']""]","A human body drinking coffee from a cup",5,"['b281c337a69f4e52_m02p0tk3_546fea16_OpenImages_OpenJourney', 'b281c337a69f4e52_m02vqfm_b5bd6eee_OpenImages_StableDiffusion_v5', 'b281c337a69f4e52_m03q5c7_fb8ab5e1_OpenImages_Kandinsky_2_2', 'b281c337a69f4e52_m02vqfm_b5bd6eee_OpenImages_Kandinsky_2_2', 'b281c337a69f4e52_m02p5f1q_324dfef1_OpenImages_StableDiffusion_v5']"
4b3cadd107cd92b1,"[""['cocktail', 'drink', 'juice']""]","A cocktail drink with juice",3,"['4b3cadd107cd92b1_m01z1kdw_c344db55_OpenImages_Kandinsky_2_2', '4b3cadd107cd92b1_m01z1kdw_c344db55_OpenImages_StableDiffusion_v4', '4b3cadd107cd92b1_m01z1kdw_c344db55_OpenImages_OpenJourney']"
221b481a8ee7e11d,"[""['grapefruit', 'lemon (plant)']""]","A grapefruit or lemon",6,"['221b481a8ee7e11d_m09k_b_b8b4b199_OpenImages_StableDiffusion_XL', '221b481a8ee7e11d_m09k_b_d74e8a54_OpenImages_StableDiffusion_XL', '221b481a8ee7e11d_m0hqkz_2f5ca57f_OpenImages_Kandinsky_2_2', '221b481a8ee7e11d_m0hqkz_23f53460_OpenImages_OpenJourney', '221b481a8ee7e11d_m0hqkz_23f53460_OpenImages_StableDiffusion_XL', '221b481a8ee7e11d_m0hqkz_23f53460_OpenImages_Kandinsky_2_2']"
dc012ea9e1406bfa,"[""['sun hat', 'horse', 'sombrero']""]","A horse and a sun hat and a sombrero",4,"['dc012ea9e1406bfa_m02jfl0_8ea79b20_OpenImages_OpenJourney', 'dc012ea9e1406bfa_m02jfl0_8ea79b20_OpenImages_StableDiffusion_XL', 'dc012ea9e1406bfa_m02wbtzl_eb9e4c2a_OpenImages_StableDiffusion_XL', 'dc012ea9e1406bfa_m02wbtzl_4b494b83_OpenImages_StableDiffusion_v5']"
f884aa07d36a636f,"[""['segway']""]","A group of segways",3,"['f884aa07d36a636f_m076bq_41e4b2ba_OpenImages_StableDiffusion_XL', 'f884aa07d36a636f_m076bq_9910294d_OpenImages_Kandinsky_2_2', 'f884aa07d36a636f_m076bq_9910294d_OpenImages_StableDiffusion_v4']"
05da9a3a550ceeed,"[""['ball (object)']""]","A ball",3,"['05da9a3a550ceeed_m018xm_f3fa382f_OpenImages_Kandinsky_2_2', '05da9a3a550ceeed_m018xm_2afa8044_OpenImages_Kandinsky_2_2', '05da9a3a550ceeed_m018xm_2afa8044_OpenImages_StableDiffusion_XL']"
3fc30c8644f09b0f,"[""['truck', 'van', 'ambulance']""]","A truck and a van and an ambulance",3,"['3fc30c8644f09b0f_m07r04_ede98599_OpenImages_StableDiffusion_v4', '3fc30c8644f09b0f_m07r04_ede98599_OpenImages_OpenJourney', '3fc30c8644f09b0f_m0h2r6_8c7574c2_OpenImages_StableDiffusion_XL']"
2dd63a5811653e8d,"[""['washing machine', 'chest of drawers']""]","A washing machine and a chest of drawers",4,"['2dd63a5811653e8d_m05kyg__8c49788e_OpenImages_Kandinsky_2_2', '2dd63a5811653e8d_m05kyg__8c4b7e16_OpenImages_StableDiffusion_v5', '2dd63a5811653e8d_m05kyg__8c49788e_OpenImages_StableDiffusion_XL', '2dd63a5811653e8d_m05kyg__8c4b7e16_OpenImages_Kandinsky_2_2']"
e470100eed3c6c1e,"[""['woman', 'volleyball (ball)', 'swimwear', 'man']""]","A woman and a man playing volleyball in swimwear",3,"['e470100eed3c6c1e_m01gkx__87f3f4c5_OpenImages_StableDiffusion_XL', 'e470100eed3c6c1e_m01gkx__8a8e5e6d_OpenImages_StableDiffusion_XL', 'e470100eed3c6c1e_m02rgn06_5b3655aa_OpenImages_StableDiffusion_XL']"
bdcb4068d4772da1,"[""['cheese']""]","Some cheese",3,"['bdcb4068d4772da1_m01nkt_d623ca2d_OpenImages_StableDiffusion_v5', 'bdcb4068d4772da1_m01nkt_248b95f2_OpenImages_OpenJourney', 'bdcb4068d4772da1_m01nkt_248b95f2_OpenImages_StableDiffusion_v5']"
8e5632d35c91e78d,"[""['cucumber', 'squash (plant)', 'zucchini']""]","A cucumber or a zucchini or a squash",3,"['8e5632d35c91e78d_m0dv77_f2bb68e3_OpenImages_StableDiffusion_v4', '8e5632d35c91e78d_m015x4r_ac49df51_OpenImages_OpenJourney', '8e5632d35c91e78d_m0dv77_f2bb68e3_OpenImages_OpenJourney']"
58a0c796e16d767e,"[""['laptop', 'vase', 'flowerpot']""]","A laptop and a flower pot",3,"['58a0c796e16d767e_m01c648_913664ae_OpenImages_OpenJourney', '58a0c796e16d767e_m01c648_913664ae_OpenImages_Kandinsky_2_2', '58a0c796e16d767e_m0fm3zh_7aa7b4d4_OpenImages_OpenJourney']"
781a6f4611f566b7,"[""['bottle', 'beer']""]","A beer bottle",3,"['781a6f4611f566b7_m04dr76w_f28307cb_OpenImages_Kandinsky_2_2', '781a6f4611f566b7_m01599_4f57c69d_OpenImages_Kandinsky_2_2', '781a6f4611f566b7_m01599_0c59ba6f_OpenImages_StableDiffusion_v4']"
56401bf3ff33c9ed,"[""['suit']""]","A suit",3,"['56401bf3ff33c9ed_m01xyhv_755b1dc6_OpenImages_StableDiffusion_XL', '56401bf3ff33c9ed_m01xyhv_755b1dc6_OpenImages_StableDiffusion_v4', '56401bf3ff33c9ed_m01xyhv_755b1dc6_OpenImages_StableDiffusion_v5']"
f45544793dac3d4c,"[""['elephant']""]","An elephant",4,"['f45544793dac3d4c_m0bwd_0j_0a55c29d_OpenImages_Kandinsky_2_2', 'f45544793dac3d4c_m0bwd_0j_0a55c29d_OpenImages_Kandinsky_2_2', 'f45544793dac3d4c_m0bwd_0j_0a55c29d_OpenImages_StableDiffusion_v4', 'f45544793dac3d4c_m0bwd_0j_0a55c29d_OpenImages_OpenJourney']"
253425099d3393de,"[""['miniskirt', 'jeans']""]","A jeans miniskirt",3,"['253425099d3393de_m01cmb2_7d7de923_OpenImages_OpenJourney', '253425099d3393de_m0fly7_52a988bc_OpenImages_OpenJourney', '253425099d3393de_m01cmb2_7d7de923_OpenImages_Kandinsky_2_2']"
d563d1c04e5cf154,"[""['football']""]","Football",3,"['d563d1c04e5cf154_m01226z_9234f248_OpenImages_OpenJourney', 'd563d1c04e5cf154_m01226z_9234f248_OpenImages_StableDiffusion_XL', 'd563d1c04e5cf154_m01226z_9234f248_OpenImages_StableDiffusion_v5']"
be3e49b80af4e60c,"[""['bird', 'chicken']""]","A chicken bird",3,"['be3e49b80af4e60c_m015p6_18749db3_OpenImages_StableDiffusion_v5', 'be3e49b80af4e60c_m09b5t_0ae29167_OpenImages_StableDiffusion_v4', 'be3e49b80af4e60c_m09b5t_0ae29167_OpenImages_StableDiffusion_XL']"
63cdf8c23f197ee5,"[""['bus']""]","A bus",3,"['63cdf8c23f197ee5_m01bjv_1d8284df_OpenImages_StableDiffusion_XL', '63cdf8c23f197ee5_m01bjv_3229c193_OpenImages_StableDiffusion_XL', '63cdf8c23f197ee5_m01bjv_3229c193_OpenImages_Kandinsky_2_2']"
33e9b80ec55e4689,"[""['hat']""]","A hat",3,"['33e9b80ec55e4689_m02dl1y_e786a1ad_OpenImages_StableDiffusion_v4', '33e9b80ec55e4689_m02dl1y_e786a1ad_OpenImages_Kandinsky_2_2', '33e9b80ec55e4689_m02dl1y_f3b6f6a2_OpenImages_StableDiffusion_v5']"
0ab071932a440ed7,"[""['pastry', 'pizza']""]","A pastry and a pizza",3,"['0ab071932a440ed7_m0663v_ddbc29c7_OpenImages_Kandinsky_2_2', '0ab071932a440ed7_m0663v_ddbc29c7_OpenImages_Kandinsky_2_2', '0ab071932a440ed7_m0hnyx_e01b6c30_OpenImages_OpenJourney']"
8db04c13559176c0,"[""['shorts', 'volleyball (ball)', 'swimwear']""]","Swimwear shorts and a volleyball",3,"['8db04c13559176c0_m01gkx__62b44210_OpenImages_StableDiffusion_v5', '8db04c13559176c0_m01gkx__62b44210_OpenImages_StableDiffusion_v4', '8db04c13559176c0_m01gkx__ab983024_OpenImages_Kandinsky_2_2']"
5a639b9ea7739f07,"[""['tomato', 'bell pepper']""]","A tomato and a bell pepper",4,"['5a639b9ea7739f07_m07j87_b8fbb1fc_OpenImages_StableDiffusion_v4', '5a639b9ea7739f07_m0jg57_821e759f_OpenImages_StableDiffusion_v5', '5a639b9ea7739f07_m07j87_b8fbb1fc_OpenImages_StableDiffusion_v5', '5a639b9ea7739f07_m07j87_40512a6c_OpenImages_StableDiffusion_v5']"
1245d58837d6af78,"[""['chicken']""]","A chicken",3,"['1245d58837d6af78_m09b5t_b45071c2_OpenImages_OpenJourney', '1245d58837d6af78_m09b5t_b45071c2_OpenImages_StableDiffusion_v5', '1245d58837d6af78_m09b5t_3bab0295_OpenImages_StableDiffusion_v5']"
27ba2858e4182e7b,"[""['computer keyboard', 'laptop']""]","A laptop keyboard",3,"['27ba2858e4182e7b_m01c648_1d483fb4_OpenImages_StableDiffusion_v4', '27ba2858e4182e7b_m01m2v_85efd8b1_OpenImages_OpenJourney', '27ba2858e4182e7b_m01m2v_85efd8b1_OpenImages_Kandinsky_2_2']"
76d67fe26f7576aa,"[""['mouse', 'hamster']""]","A mouse and a hamster",3,"['76d67fe26f7576aa_m03qrc_a099669b_OpenImages_StableDiffusion_XL', '76d67fe26f7576aa_m04rmv_b487624c_OpenImages_StableDiffusion_XL', '76d67fe26f7576aa_m04rmv_b487624c_OpenImages_StableDiffusion_v4']"
e3be2c967e5af1e5,"[""['waffle']""]","A waffle",3,"['e3be2c967e5af1e5_m01dwsz_67d03c6a_OpenImages_StableDiffusion_XL', 'e3be2c967e5af1e5_m01dwsz_6beb362e_OpenImages_OpenJourney', 'e3be2c967e5af1e5_m01dwsz_67d03c6a_OpenImages_Kandinsky_2_2']"
492df4450b7893d9,"[""['monkey', 'carnivore']""]","A monkey carnivore",3,"['492df4450b7893d9_m08pbxl_7c67d977_OpenImages_OpenJourney', '492df4450b7893d9_m08pbxl_7c67d977_OpenImages_StableDiffusion_v4', '492df4450b7893d9_m08pbxl_7c67d977_OpenImages_Kandinsky_2_2']"
c61d05c0829eb3ae,"[""['shorts', 'swimwear']""]","Swimwear shorts",3,"['c61d05c0829eb3ae_m01gkx__a4e2b935_OpenImages_StableDiffusion_v5', 'c61d05c0829eb3ae_m01gkx__a4e2b935_OpenImages_OpenJourney', 'c61d05c0829eb3ae_m01bfm9_ee0655b4_OpenImages_StableDiffusion_XL']"
febefae5f104a7c8,"[""['sandwich', 'bread']""]","A bread sandwich",3,"['febefae5f104a7c8_m09728_deb0b9dd_OpenImages_StableDiffusion_v5', 'febefae5f104a7c8_m0l515_ef067f2e_OpenImages_StableDiffusion_XL', 'febefae5f104a7c8_m0l515_ef067f2e_OpenImages_OpenJourney']"
2b91cfcc79d10374,"[""['truck']""]","A truck",3,"['2b91cfcc79d10374_m07r04_f7a19794_OpenImages_Kandinsky_2_2', '2b91cfcc79d10374_m07r04_f7a19794_OpenImages_StableDiffusion_XL', '2b91cfcc79d10374_m07r04_f7a19794_OpenImages_StableDiffusion_v4']"
03bb15edb87b7821,"[""['racket', 'table tennis racket']""]","A table tennis racket",3,"['03bb15edb87b7821_m05_5p_0_2bb3cb44_OpenImages_Kandinsky_2_2', '03bb15edb87b7821_m05_5p_0_2bb3cb44_OpenImages_OpenJourney', '03bb15edb87b7821_m0dv9c_6596fccf_OpenImages_StableDiffusion_XL']"
5fe8f87bf3a503ff,"[""['piano']""]","A piano",3,"['5fe8f87bf3a503ff_m05r5c_db6b4b32_OpenImages_StableDiffusion_v4', '5fe8f87bf3a503ff_m05r5c_917fa2ce_OpenImages_StableDiffusion_XL', '5fe8f87bf3a503ff_m05r5c_917fa2ce_OpenImages_StableDiffusion_v5']"
fd01a784f0e01064,"[""['calculator']""]","A calculator",4,"['fd01a784f0e01064_m024d2_63442d95_OpenImages_OpenJourney', 'fd01a784f0e01064_m024d2_63442d95_OpenImages_OpenJourney', 'fd01a784f0e01064_m024d2_63442d95_OpenImages_StableDiffusion_v4', 'fd01a784f0e01064_m024d2_63442d95_OpenImages_StableDiffusion_v4']"
893d742b579a4124,"[""['cucumber']""]","A cucumber",3,"['893d742b579a4124_m015x4r_ae4ec05c_OpenImages_StableDiffusion_XL', '893d742b579a4124_m015x4r_ae4ec05c_OpenImages_StableDiffusion_XL', '893d742b579a4124_m015x4r_ca7ac8e8_OpenImages_StableDiffusion_v5']"
5cdac0d67970161d,"[""['shorts', 'sock']""]","Shorts and socks",3,"['5cdac0d67970161d_m01bfm9_f1e7f738_OpenImages_StableDiffusion_XL', '5cdac0d67970161d_m01nq26_c2515c1d_OpenImages_StableDiffusion_v5', '5cdac0d67970161d_m01bfm9_f1e7f738_OpenImages_StableDiffusion_v5']"
eea67dd864586c56,"[""['person', 'guitar']""]","A person playing the guitar",4,"['eea67dd864586c56_m0342h_e6005924_OpenImages_StableDiffusion_v4', 'eea67dd864586c56_m0342h_e1b88dba_OpenImages_StableDiffusion_v4', 'eea67dd864586c56_m0342h_4c60a165_OpenImages_StableDiffusion_v5', 'eea67dd864586c56_m0342h_4c60a165_OpenImages_Kandinsky_2_2']"
